"Participant","Ebbinghaus_Strength_Error","Ebbinghaus_Diff_Error","Ebbinghaus_Interaction_Error","Ebbinghaus_Strength_RT","Ebbinghaus_Diff_RT","Ebbinghaus_Interaction_RT","MullerLyer_Diff_Error","MullerLyer_Interaction_Error","MullerLyer_Strength_Error","MullerLyer_Strength_RT","MullerLyer_Diff_RT","MullerLyer_Interaction_RT","VerticalHorizontal_Strength_Error","VerticalHorizontal_Diff_Error","VerticalHorizontal_Interaction_Error","VerticalHorizontal_Diff_RT","VerticalHorizontal_Interaction_RT","VerticalHorizontal_Strength_RT"
"S001",0.349735,2.761525,1.098575,0.04325055,-0.43206,0.02922935,-0.815516,-0.00293274,0.2441205,0.00515905,-0.262157,-0.00221434,0.242745,-5.549985,0.3875225,-0.476306,0.0003932425,0.0253066
"S002",-0.7911945,14.29615,-0.4264965,-0.0305994,0.282273,-0.02322,-3.15731,0.004739955,0.003769715,0.0114091,-0.229,-0.01238375,-0.09797885,7.25096,-0.0323032,0.3099815,0.0009117045,-0.0285515
"S003",0.182272,1.677595,0.4289445,-0.0208347,0.113105,0.009210235,-2.759365,-0.00135575,0.148032,-0.0007227485,-0.2038635,0.00451864,-0.04522875,3.17038,-0.0394049,0.357002,0.00234235,-0.0308605
"S004",0.0701112,4.27526,0.677478,0.0343339,-0.380434,0.03100535,-2.015975,0.0088155,0.0260301,0.03194625,-0.577271,-0.0365676,0.0362695,-3.960685,0.03248015,-0.9449935,-0.000588053,0.0567303
"S005",0.2074355,-5.37289,0.04854375,0.009809305,-0.1676885,0.01752055,-5.53033,0.004045735,0.169905,0.0218021,-0.2667365,-0.0254773,-0.031811,-2.652675,-0.1302005,-0.306125,-0.00491239,0.02625215
"S006",-1.12806,8.339045,-1.534075,-0.03627215,0.3484565,-0.0377913,3.922385,-0.01046715,-0.0652267,-0.00634009,0.341291,0.001238015,-0.207015,7.01506,-0.2444175,0.54802,0.0009250175,-0.0289734
"S007",0.28398,7.05507,1.471205,0.0163929,-0.2552335,0.0324806,-2.15285,-0.0005089815,0.0306176,0.007882885,0.002254465,-0.01166415,0.03651925,0.656089,0.06271605,-0.2213735,0.0007460565,0.0175387
"S009",0.299424,-0.223332,0.7528265,0.03615265,-0.4982885,0.05883985,2.545625,-0.00522601,-0.02805445,0.00161574,0.1344285,-0.003498905,-0.2364135,0.3036125,-0.484339,-0.23277,9.78695e-05,0.00171613
"S010",-0.7640235,4.946375,-1.267415,0.0301038,-0.399751,0.0414219,5.61868,0.07720665,-1.165575,-0.003438875,-0.2180125,0.008782645,-0.2378755,4.56721,-0.438151,-0.6643695,0.01026425,0.008907765
"S011",0.325144,0.07778015,0.415875,-0.03875215,0.193461,-0.000969573,-2.604665,-0.00121759,0.201485,0.01022755,-0.2552735,-0.0102903,-0.1372655,0.3551565,-0.2245895,0.116169,-0.00113111,-0.005687725
"S012",0.06008315,-9.00555,-0.704526,0.0497873,-0.2354825,-0.003102305,-4.545725,-0.01109825,0.3521535,0.0256031,-0.626413,-0.0262344,0.001841435,-6.28117,-0.0761615,-0.4301335,-0.000122424,0.0243261
"S013",-0.420555,2.32636,-0.690029,-0.02303975,0.2400215,-0.005657645,-0.94785,-0.00010574865,-0.0213919,-0.00538892,0.1192365,0.005089115,-0.07296335,1.456405,-0.07505135,0.1845575,0.00190719,-0.01636175
"S014",0.792299,1.22922,1.919005,-0.0217812,0.21774,-0.0156481,1.069295,-0.00598446,0.209964,-0.02057685,0.3680945,0.0234353,-0.03152945,1.256035,-0.03281485,0.366829,0.002811815,-0.0156662
"S015",-0.3543065,-4.84862,-1.27736,-0.0307941,0.405468,-0.02963015,-1.643045,0.00525473,0.0456645,-0.0106839,0.340091,0.008801195,0.1009765,-2.19513,0.1751665,0.1635375,-0.001890785,0.001488975
"S016",0.467012,-3.47432,0.351977,0.003181375,0.0526166,-0.0185436,-2.139455,0.005442355,0.01438545,-0.00952006,0.301755,0.009342175,0.1053235,-6.82824,0.05724715,0.01185445,-0.001859215,0.0016261
"S017",0.2838525,0.715343,0.4284195,-0.05621195,0.448343,-0.0143835,2.34462,0.00229868,-0.303072,-0.008166505,0.1631345,0.00927582,0.08403685,-1.09058,0.11254,0.469434,0.0008979805,-0.01988175
"S018",0.291289,-3.725785,0.157418,0.02906145,-0.244769,-0.00574349,1.87849,0.03284245,-0.5284585,-0.0005001045,-0.1573685,0.00368719,-0.005263245,-0.2854465,-0.0249031,0.055266,9.40216e-05,-0.000214859
"S019",-0.09038255,3.093865,-0.118087,-0.0160908,0.089092,-0.005525755,-0.380373,0.0008854405,0.167502,-0.002345435,0.2276655,-0.000673081,-0.427922,10.09695,-0.786549,0.101212,-0.003885235,0.001124165
"S020",0.5194045,0.02934545,1.08465,-0.007520595,-0.0616494,0.0203196,-5.66441,-0.01932285,0.3876835,0.01112625,-0.121601,-0.0158183,-0.163732,1.010995,-0.2609955,0.1972965,0.002413935,-0.01810695
"S021",-1.34091,9.90369,-1.843555,-0.0505386,0.560166,-0.03567125,2.815155,0.001570655,-0.0966994,-0.01353255,0.3695135,0.0120843,-0.135252,5.475245,-0.180769,0.5828495,0.000808078,-0.0332572
"S022",0.2375635,-0.1862625,0.6028585,-0.02524695,0.2700205,-0.0207443,6.946245,0.009504385,-0.47015,-0.01335635,0.328028,0.01425285,-0.207305,1.942785,-0.3746995,0.303717,-0.0002013285,-0.02407355
"S023",-1.04544,15.39085,-0.7724165,-0.02502155,0.371392,-0.03992045,6.18673,-0.000845225,-0.02850975,-0.01683045,0.152818,0.0231451,-0.1802185,5.2717,-0.303748,0.397726,0.0004287585,-0.0312515
"S024",-0.5192115,-0.276739,-0.764471,-0.0269924,0.2216755,-0.00235326,4.89871,0.00576695,-0.262371,-0.01165695,0.0344352,0.0168955,-0.105397,2.65822,-0.1810125,0.1858605,0.00562997,-0.02135455
"S025",0.4672665,4.494575,1.505435,0.0115201,-0.04954905,-8.867565e-05,-2.141095,-0.000601321,0.125639,-0.00279841,0.1915775,0.00073147,-0.1169205,3.86243,-0.153688,0.180731,0.00129283,-0.005899575
"S026",0.5388835,-2.508075,0.969287,0.01655595,-0.238321,0.008865285,1.75518,0.00693099,-0.215065,0.01029535,-0.250985,-0.01094085,-0.02512905,2.293805,-0.00173886,-0.539516,0.00202011,0.0203599
"S027",0.1283815,-3.033755,-0.02448075,-0.0184295,0.240545,-0.008510955,-1.691875,-0.00142867,-0.0070106,0.00422717,0.0130162,-0.006038,0.08974755,-6.380405,0.02536255,0.1407045,0.000395844,-0.0110078
"S028",0.94759,-5.20478,1.53452,0.0408868,-0.4332395,0.0311567,-1.43851,0.0207937,-0.224536,0.00872023,-0.247694,-0.008729825,-0.146804,-0.978852,-0.250725,-0.23241,0.00138538,-0.004662875
"S029",0.36806,-6.80349,0.105178,0.01327105,-0.3820535,0.04074345,0.5429305,0.0142134,-0.14563,-0.003571545,-0.1220575,0.00813019,-0.1057285,-5.342975,-0.261002,-0.253429,0.00444959,-0.008641445
"S030",-0.0518415,-1.015145,-0.165716,0.0139983,-0.099137,0.000208327,7.69482,-0.002751025,-0.47827,-0.008874135,0.175379,0.0104491,-0.0354691,0.1777505,-0.03613655,0.2296245,0.000277033,-0.0227847
"S031",0.4035815,-5.36556,0.165156,0.01583865,-0.156069,-0.000150168,-6.61317,0.005552185,0.113864,3.495295e-05,0.0205435,-0.001372605,0.1456185,-5.537455,0.193033,-0.08805625,-0.0003930405,0.004763065
"S032",-0.3623415,-1.18577,-0.725599,-0.02605985,0.356912,-0.02768185,0.0615176,0.006346935,-0.1680655,-0.01135615,0.3314165,0.009345985,-0.04352625,-0.081312,-0.089532,0.446815,-0.00180581,-0.0188854
"S033",0.0476328,-2.11686,-0.03942805,-0.004626765,-0.04001435,0.00487948,2.21,-0.009990245,0.05535315,-0.00781718,0.1503945,0.00844116,0.119488,-5.570295,0.0881809,0.00857678,-0.00336173,0.009667275
"S034",0.2907895,-2.950815,0.249722,0.0343225,-0.09248135,-0.0115209,3.068195,0.02736555,-0.453165,0.00365951,-0.2424445,-0.0007056605,-0.00197919,1.77381,0.0357013,-0.187837,-0.00327448,0.0148766
"S035",-1.37638,8.0085,-2.483735,-0.0364244,0.481433,-0.06697505,-6.230755,0.000196743,0.1569855,-0.008322475,0.4738365,0.001948905,-0.0453252,0.2459695,-0.0528777,0.2968795,-0.0009463265,-0.0112969
"S036",0.1208185,-0.282726,0.2248535,0.0336449,-0.2566575,0.00573249,6.612425,-0.00208605,-0.131616,0.0111088,-0.3035495,-0.009705435,0.0490268,1.555585,0.143516,-0.452801,0.000435506,0.03449135
"S037",0.1844025,-5.54133,-0.05511805,0.0484755,-0.442804,0.02922315,-4.34216,-0.00212545,0.2034225,0.0127064,-0.426477,-0.01073865,0.137858,-5.706605,0.1131275,-0.696439,7.2751e-06,0.0314354
"S038",-0.7374535,1.09101,-1.66041,-0.0167342,0.35791,-0.0231612,3.141485,0.006156475,-0.3468175,-0.0117238,0.1485845,0.01485165,-0.156241,3.78821,-0.308951,0.4158605,0.003675295,-0.0276481
"S039",-0.33081,-2.421615,-0.6466755,-0.04466325,0.4636445,-0.06492945,-0.1918525,-0.0004950265,0.0929835,-0.00964734,0.3501615,0.007802185,-0.03829735,0.5569905,-0.0461131,0.2971135,-0.003693325,-0.01273265
"S040",1.07881,1.589435,2.95097,0.0570165,-0.425786,0.00987406,-4.16766,-0.001238905,0.06506965,0.01892345,-0.4572265,-0.0200909,0.0150741,-3.188755,0.00092117,-0.3502485,0.001632905,0.00202363
"S041",0.000283363,0.3472365,0.043387,-0.01275495,0.0977774,-5.84857e-05,-2.92075,0.00283636,0.05476965,-0.0005561995,0.1518645,-0.00213283,-0.016247,-4.76228,-0.07298175,-0.144166,0.0003592695,0.00417178
"S042",-0.183815,5.30764,0.1878185,-0.0213087,0.301393,-0.02296105,9.01184,0.0197733,-0.5992185,-0.0128838,0.289798,0.01401605,0.003135045,1.26084,0.003654045,0.5344385,-0.00297534,-0.02511925
"S043",-0.7103895,4.012975,-0.9205495,-0.03271375,0.1339335,0.000461355,7.520105,-0.009327675,-0.2685175,-0.004989515,0.1116435,0.00600099,-0.139961,3.130645,-0.187448,0.3330165,0.004814215,-0.03354485
"S044",1.036455,-1.70216,2.4478,0.02223345,-0.003787245,-0.015217,1.14544,0.0022875,0.000181231,-0.0107773,0.380489,0.00856349,0.129044,-5.22795,0.177555,0.00242564,-0.001319465,0.00765357
"S045",-0.1729935,-5.712605,-0.864831,0.01374425,-0.0280449,-0.00569394,-2.75787,-0.01392995,0.369523,0.001299425,0.1931645,-0.00625785,0.0738333,-3.22748,0.03095765,-0.3753155,-0.005886715,0.04179515
"S046",0.3785015,2.09039,1.06716,-0.0320307,0.303493,-0.01422535,-1.62002,0.002070075,0.103982,-0.004454515,0.264195,-0.0001248275,0.1769165,-0.0260751,0.3705295,0.373272,0.0002330525,-0.01307315
"S047",-0.8639005,5.04232,-1.01316,0.00132909,-0.1009365,0.02163465,1.250445,0.0260987,-0.56301,0.00482175,-0.182717,-0.003444735,-0.1065515,4.32667,-0.1959285,0.0555823,0.0012357,-0.009160845
"S048",-0.0890787,3.13408,0.01572625,-0.0509343,0.533762,-0.0492791,-1.403955,0.0009047155,0.1471595,-0.0111239,0.412471,0.007852225,0.04732105,3.96085,0.168492,0.4148975,-0.00280497,-0.008935475
"S049",-0.6049245,-2.23576,-1.63609,0.0330106,-0.427023,0.037688,-6.24232,0.004153795,0.1430165,0.01854725,-0.2766255,-0.0225047,-0.16118,-1.08869,-0.354457,-0.474798,0.005573825,0.001547065
"S050",0.1462335,-0.848365,0.02768285,0.06720315,-0.580203,0.0395368,-6.85785,-0.01123715,0.459164,0.0216344,-0.5794605,-0.02072615,0.0882274,-2.20205,0.096045,-0.8392535,0.000671666,0.0400263
"S051",0.28975,-4.027,0.155859,0.00895535,0.0615193,-0.01470315,-0.8025605,0.00340214,-0.0634948,-0.002033235,0.03374485,0.001487365,0.1327305,-5.389415,0.1279725,0.01144755,-0.00165341,0.009038585
"S052",-0.930826,5.597285,-1.45622,-0.026122,0.2556525,-0.0374831,3.236175,0.00299697,-0.441988,-0.009262,0.3511795,0.00766639,-0.0117073,2.559005,0.003702385,0.238994,-0.00451837,-0.002417875
"S053",-0.612109,2.116405,-1.272805,-0.0604791,0.5142185,-0.04373735,8.996295,0.0169027,-0.5615675,-0.01574835,0.411034,0.0167591,0.0004943545,3.93217,0.07306815,0.7079985,0.001526855,-0.0395607
"S054",0.6646925,-3.7737,0.898243,-0.0529857,0.466539,-0.035695,1.10131,0.004243965,-0.0185374,-0.008841575,0.2601085,0.007384575,0.0777027,-2.662875,0.0971099,0.4686935,-0.0001433415,-0.0247167
"S055",0.39266,-3.110945,0.4090425,0.0137339,-0.0322434,-0.0155554,0.9662445,0.02463325,-0.435841,0.004062235,-0.106856,-0.003144045,-0.298887,3.01775,-0.589423,-0.0863597,-0.0009417485,0.001842765
"S056",-0.0864638,-8.43443,-0.9413545,0.00877789,0.1364135,-0.0402962,-3.91333,0.00658989,0.005238815,-0.00113732,0.14145,-0.00102621,0.1170205,-2.906185,0.12921,-0.08768665,-0.003280335,0.01964335
"S057",1.053935,-5.23094,1.660635,-0.04105105,0.374484,-0.02309095,4.520475,-0.01440135,0.09319155,0.00695857,0.147876,-0.01397115,-0.05760265,-3.75284,-0.199855,0.165001,-0.003999705,0.003396465
"S058",-0.5314205,-3.384775,-1.647055,-0.0237959,0.3156905,-0.01311635,3.27973,0.00366502,-0.166024,-0.01059305,0.248109,0.01185255,-0.04338475,-0.783563,-0.0322776,0.5405525,-7.099235e-05,-0.03063795
"S059",0.663899,2.05793,1.90151,-0.0143337,0.211658,-0.03181005,1.26772,-0.016818,0.3939655,-0.01304735,0.4075755,0.0112148,0.1185095,0.7389005,0.2155205,0.5450435,-0.00215765,-0.01927175
"S060",0.7997375,-7.50903,0.7637655,0.01641225,-0.1993275,0.01359085,-6.19222,0.00382993,0.2601065,0.02603655,-0.4579115,-0.03169235,0.0147349,-2.604885,-0.04618295,-0.602726,0.0003545815,0.031701
"S061",-0.360398,-4.978925,-1.09088,0.0486618,-0.2781105,-0.00102989,6.621085,0.007943125,-0.7808055,0.0034917,-0.207015,-0.00158223,-0.47126,7.74988,-0.890951,-0.896077,0.005372995,0.02636875
"S062",0.1647005,-8.1441,-0.3637185,-0.0351858,0.0629855,0.016252,-4.890885,-0.00615934,0.4298615,-0.006688255,0.12882,0.009497875,-0.004765475,2.811135,0.05828945,0.252642,0.001048105,-0.015033
"S063",-0.6011355,3.36278,-0.7602715,-0.02860015,0.2191455,0.002525685,2.725505,-0.0190893,0.3804375,-0.01000685,0.1115335,0.01280625,0.06531845,-1.84381,0.01728095,0.0940156,0.001021575,-0.006364145
"S064",0.2731605,7.214285,1.39521,0.008587155,-0.199204,0.02523515,-0.843209,-0.00847937,0.184654,0.005873275,-0.1545965,-0.006300925,-0.131658,-1.099435,-0.257554,-0.851592,-0.00193028,0.0471248
"S065",1.2111,-1.58319,2.73163,0.013687,-0.03608345,-0.00602138,-6.72152,-0.0053376,0.3850165,0.00733329,0.02136135,-0.0116831,0.2179075,-5.370465,0.303564,-0.0771363,-0.000823505,0.003790025
"S066",-0.5456055,5.271405,-0.680193,0.02705985,-0.242956,0.02363615,3.678645,0.002809755,-0.3158285,0.001774665,-0.196697,0.002113325,0.0434047,0.241332,0.08282175,-0.182671,0.002368965,-0.000861454
"S067",-0.5270855,0.755239,-0.91242,-0.01064815,0.328919,-0.0386322,1.09164,0.007867005,-0.148529,-0.00423938,0.2461295,0.0005697175,-0.0853382,4.041525,-0.0811985,0.4450965,-0.000956454,-0.0171893
"S068",1.070825,-4.27953,1.806885,0.0598225,-0.7752355,0.08391455,-4.635185,-0.00892474,0.325762,0.0133098,-0.477109,-0.01050115,-0.0619068,-1.103295,-0.0802034,-0.1092115,0.0003837415,-0.0098946
"S069",0.2432715,-10.6136,-0.48708,0.0249726,-0.3573275,0.0285775,-4.350375,0.00257989,0.109008,0.02160335,-0.3135225,-0.026111,0.07732495,-4.40622,0.101317,-0.6416105,0.0001295195,0.0332033
"S070",0.2250695,3.27562,0.804749,0.0270381,-0.4439385,0.0525958,18.7746,5.3427e-06,-1.118555,-0.001909225,-0.468132,0.0130862,0.11239,3.91438,0.267105,-0.420145,0.004858775,0.01178115
"S071",-0.4146445,2.621465,-0.474119,0.006154425,-0.00862047,-0.00251709,-0.03583005,-0.00116704,0.07621955,0.000884553,0.0366881,-0.002735935,0.04994385,-3.899455,0.006798445,-0.1315195,-0.001010025,0.02307145
"S072",-1.011375,-0.00311471,-2.2481,-0.01470555,0.02545095,0.012623,8.919435,0.01741005,-0.7992245,-0.0197207,-0.197473,0.0335772,-0.1468065,6.28033,-0.23623,-0.1602195,0.00557674,0.003926795
"S073",-0.3828795,8.80922,0.05646845,-0.040195,0.2761275,-0.00549675,0.718102,-0.00945548,0.2339895,-0.00431648,0.1255515,0.00416025,-0.137601,4.571545,-0.2125325,0.22249,0.00122226,-0.000268527
"S074",0.00279655,-0.142986,0.141228,0.0327846,-0.02604825,-0.00770694,-3.817295,0.00606074,0.06054575,-0.00178366,0.108075,0.000522809,-0.2439075,1.95999,-0.5063295,-0.3091975,-0.000854502,0.02190765
"S075",0.366857,-6.826655,0.0194442,0.0186503,-0.2052915,0.0286063,-7.07685,0.00329801,0.1979865,0.0196098,-0.447592,-0.02203725,0.1881785,-4.842025,0.2918265,-0.6294985,0.0005687175,0.02778565
"S076",0.4011725,-2.680015,0.6078695,-0.02059405,0.2415955,-0.005717065,3.75308,0.001446135,-0.0801684,-0.00399985,0.20261,0.000698466,-0.1370235,0.5335785,-0.269325,-0.0146797,-0.000598988,0.00287819
"S077",0.02313945,-6.93477,-0.5474655,0.04818555,-0.407352,0.009185595,1.792465,0.000509694,-0.070283,-0.000723749,0.184724,-0.003074165,-0.07530455,0.125964,-0.1395145,-0.566646,0.0009425795,0.02189815
"S078",0.9499735,-8.2076,1.103155,0.05636305,-0.373548,0.00770684,-6.84734,-0.003942495,0.3201355,0.01456005,-0.4056315,-0.0139388,0.1293595,-5.79318,0.1042125,-0.3623465,-0.001273645,0.0259193
"S079",-0.01863265,2.23443,-0.0656768,-0.02941885,0.3644645,-0.0356566,-0.463183,-0.005237215,0.2012045,-0.00953248,0.2755865,0.009354175,0.126517,-0.442458,0.238674,0.1800945,-0.001819185,0.00216048
"S080",-0.453426,7.05068,-0.4258655,-0.0602189,0.615204,-0.0438951,6.42618,-5.79213e-05,-0.260674,-0.0188,0.422852,0.0213464,-0.04778105,5.705025,-0.04498955,0.6627,-0.003381825,-0.02306795
"S081",0.5430005,-9.491495,0.187785,-0.000911696,0.02303185,-0.00728231,-0.08176815,0.02671435,-0.4538475,0.004081045,-0.06835405,-0.00669914,0.172319,-2.459385,0.318272,-0.0342416,-0.0005657565,0.0236303
"S082",-0.8390445,5.480125,-1.107055,-0.06671435,0.601677,-0.05060785,-2.12718,-0.000716296,0.09258375,-0.006913815,0.5059085,-0.000161283,-0.07916605,1.79293,-0.0605873,0.481618,-0.000261707,-0.0248079
"S083",-0.8269765,6.327365,-1.170125,-0.00815345,0.217687,-0.02844835,2.59562,-0.00131199,-0.0625909,-0.0206506,0.3579655,0.02377995,-0.1268355,4.02674,-0.217968,0.459634,-0.002826145,-0.0257334
"S084",-0.0723699,-2.70929,-0.2017455,0.05205215,-0.3338505,0.0286798,-4.79463,-0.00888,0.4020975,-0.0006160245,-0.3915605,0.009447855,0.129911,-5.730705,0.166135,-0.09397355,0.003097845,-0.001785285
"S085",-1.036265,1.74247,-2.479955,0.003366625,-0.2289135,0.0265219,-1.56656,-0.0138791,0.187468,-0.003950725,0.0281716,0.00574884,-0.0840024,3.93167,-0.0899102,-0.291786,0.0004077535,0.01806345
"S086",-0.302778,1.713285,-0.4011895,0.05244355,-0.158778,-0.0100769,-0.2156975,0.00174729,-0.09686505,-0.001794145,-0.0491282,0.002820155,-0.0123252,3.68698,0.0527876,0.03441805,0.000292838,0.00835985
"S087",-0.6456755,9.69491,-0.3013795,-0.04336545,0.4281295,-0.02372225,3.2158,0.000673956,-0.337967,-0.02085695,0.3461195,0.0256264,-0.07237235,5.784415,-0.0300952,0.6642975,0.0004124925,-0.0431712
"S088",0.565037,-3.24693,0.5936105,0.0569739,-0.5304025,0.0443984,-4.989105,-0.001429295,0.179107,0.01919625,-0.482131,-0.0204364,0.1357635,-4.67322,0.1553655,-0.8199455,-0.0005985455,0.0551418
"S089",0.7434145,-6.59733,0.80947,0.001273855,-0.00714976,-0.00474939,-3.983945,-0.008119845,0.485959,-0.00559315,0.0465414,0.0068045,0.130662,-1.94609,0.167549,0.09139295,0.0009756585,-0.006577115
"S090",-0.0300375,-8.488855,-0.839191,0.0453352,-0.3564845,0.008142525,-1.5658,0.0262081,-0.3799785,0.00421283,-0.220813,-0.003748115,0.0419403,-2.929275,0.03323535,-0.119971,-0.001557725,0.01051615
"S091",0.333506,-6.358085,0.0265515,0.005941975,-0.123178,-0.002923085,5.458555,0.007586755,-0.484578,-0.00297208,0.180729,0.0005263715,-0.129201,-0.3537735,-0.2466325,0.111352,-0.003503385,-0.00149211
"S092",-0.5705245,2.7622,-0.856972,0.06336125,-0.5021175,0.0364138,-2.665445,-0.0108899,0.370458,0.0131688,-0.620749,-0.0074401,-0.0772483,4.086445,-0.0575078,-0.3554445,0.004418575,-0.0003933665
"S093",0.1255785,2.008105,0.2923875,-0.028815,0.496039,-0.0497292,2.250555,0.01364815,-0.2359435,-0.007403975,0.3611025,0.00257618,-0.0313335,3.78153,0.0075659,0.662534,3.235205e-05,-0.02875235
"S094",-0.1981905,5.29762,0.1116035,-0.02161125,0.363649,-0.0341421,-0.7729545,0.00192188,-0.02605465,-0.01529345,0.293058,0.01987665,0.0348806,4.22744,0.126639,0.236397,-0.0009373165,-0.0129646
"S095",0.621795,-0.1273995,1.451855,0.146241,-1.44733,0.144347,-4.71041,0.004042775,0.141819,0.05464745,-1.61122,-0.0499113,0.06139355,-7.05326,0.0112825,-1.242945,0.0105359,0.02980955
"S096",-0.002297905,1.51253,0.3678835,-0.0422187,0.435182,-0.03280775,3.004175,-0.006940315,-0.0104449,-0.0197153,0.3983085,0.02266415,0.02287735,0.47612,0.121173,0.6316555,0.001257055,-0.03225335
"S097",0.5559385,-0.6903945,1.160645,0.006650705,-0.104315,0.005551335,1.879825,-0.007059985,0.1240165,0.005163525,0.0267199,-0.006534805,0.130484,-1.370235,0.2059495,-0.42241,-0.001275725,0.03233415
"S098",0.03221935,-8.13016,-0.64849,0.0006346635,-0.225349,0.0398975,1.60901,-0.01006425,-0.101184,0.01076445,-0.1460395,-0.01276835,0.01547155,-1.774045,-0.0278352,-0.4036475,0.003896305,0.007534645
"S099",-0.09298395,-1.995215,-0.4068595,-0.00758913,0.244887,-0.0315355,4.464905,0.0140794,-0.339222,-0.01313095,0.299718,0.0130494,0.02319785,-2.897145,-0.002935085,0.320094,-0.0009488875,-0.0209373
"S100",-0.09496205,2.143515,0.1248475,-0.004983875,0.08200325,-0.00345641,-3.165155,-0.00672453,0.3621715,-0.007851325,-0.07327815,0.0131115,0.0202937,0.9637895,0.0930338,0.122958,0.000853284,0.00162496
"S101",-1.72979,9.0265,-3.462985,-0.02790625,0.5349265,-0.08787755,13.61205,0.02274545,-0.935872,-0.0198542,0.6138025,0.01756315,0.05333665,2.64316,0.111228,0.7672595,-0.0007784055,-0.04171895
"S102",0.01468665,2.30795,0.09423725,-0.0213032,0.424089,-0.05532655,3.7549,0.0311401,-0.4632955,-0.00562136,0.4009035,0.000578631,0.0257755,2.73721,0.06819735,0.3033345,-0.00205173,-0.01130555
"S103",-0.0199977,1.28501,-0.08172665,-0.0182085,0.2783735,-0.02834215,1.52174,0.005649925,0.00016385475,-0.00837163,0.1667385,0.008673045,0.0505576,1.234365,0.08617605,0.4180415,7.75505e-05,-0.02009405
"S104",-0.589122,0.1288945,-1.136015,-0.00570817,0.09370395,-0.0119455,2.764425,0.0144786,-0.283378,-0.00964351,0.118912,0.01236785,0.0107572,2.0432,0.04257345,0.05681135,-0.00145585,0.000482854
"S105",0.09498615,2.11906,0.3789425,-0.02883175,0.2721745,-0.01150445,-0.238296,-0.003470985,0.124146,-0.0104642,0.3533025,0.008511215,-0.0369335,0.7047815,-0.04578115,0.3933045,-0.001021855,-0.01777525
"S106",0.0895895,-1.38486,0.04967535,-0.0279923,0.3930775,-0.0289262,1.78621,0.01306115,-0.259469,-0.00402385,0.1844085,0.002219905,-0.0371346,-5.69848,-0.111679,0.530487,-0.00374435,-0.02904965
"S107",0.987401,-1.754395,2.068515,0.02186775,-0.1754065,0.00413634,-1.39728,-0.007946345,0.351906,0.009500715,-0.2438045,-0.009136455,-0.02640775,0.74821,-0.06884705,0.2468835,0.007575825,-0.03257175
"S108",-0.03112235,5.209065,0.340144,-0.01423045,0.04372,0.0007107625,-5.225625,-0.0141344,0.582322,-0.0114449,0.1985655,0.0134652,0.0673741,-2.423045,0.08886985,0.1289,0.000856268,-0.00384867
"S109",-0.08590345,3.910245,0.02957305,-0.0388598,0.155226,0.006138065,5.626965,0.0147785,-0.425098,0.002592515,-0.0895852,-0.0017024,0.01949505,2.362315,0.09218055,-0.1343285,-0.00244304,0.02708435
"S111",-0.8015565,3.290435,-1.634955,0.04601295,-0.407381,0.0312502,-3.96551,-0.001218505,0.1985685,0.0161462,-0.432684,-0.0161176,0.1684255,-3.17743,0.294076,-0.870517,0.0004554295,0.0429473
"S112",-0.4629355,1.14582,-0.6762015,-0.02368535,0.5211895,-0.070455,4.000575,-0.0007519715,-0.190673,-0.007860165,0.3159745,0.0053603,-0.1929565,8.99305,-0.276956,0.6766725,-0.003185525,-0.03029345
"S113",1.05934,1.50164,2.876075,-0.005254725,0.1403575,-0.006482715,-4.1446,-0.01375595,0.4621655,-0.00104953,0.0916706,0.0006989445,0.14358,-4.911515,0.200443,0.248702,0.002173365,-0.0181619
"S114",-0.622573,1.164435,-1.12028,-0.04994105,0.42625,-0.0323483,-0.08883115,-0.000148759,-0.01476505,-0.00735685,0.297325,0.00593213,-0.1201885,1.815115,-0.208441,0.4613205,-0.000799507,-0.0282716
"S115",0.246298,2.14551,0.6512155,-0.020415,0.1951685,-0.01368315,4.25309,0.0159971,-0.4193615,-0.01415915,0.229242,0.01727125,-0.08149955,1.93507,-0.153396,0.1012175,-0.00403766,0.007114765
"S116",0.4455845,3.29448,1.23779,-0.0003991995,0.101989,-0.01019395,0.474521,-0.00140446,0.03672725,-0.011164,0.14151,0.0156919,-0.0462524,0.0877049,-0.1016855,0.1581465,0.002350095,-0.0208997
"S117",-0.99458,7.758655,-1.47517,-0.05114745,0.456594,-0.03267145,7.41192,-0.02020105,-0.0720503,-0.00198372,0.331606,-0.002560915,-0.0006496235,4.938835,0.06055185,0.534625,-0.0019492,-0.0233603
"S118",0.02430365,-0.9331445,-0.121563,0.0411282,-0.4308865,0.0324561,-4.813635,-0.0085499,0.2757095,0.01452935,-0.44085,-0.0129151,0.000705048,-4.208755,-0.031192,-0.3828415,-0.00153518,0.0185103
"S119",0.1428275,-2.998905,-0.0792784,0.1756195,-1.82872,0.1975935,-3.89135,-0.0165694,0.471423,0.0406619,-1.59616,-0.029561,0.1040175,-6.895775,0.0636712,-2.267865,0.01256865,0.0902825
"S120",-0.8131515,2.63777,-1.87107,-0.0176748,0.07979395,0.01585425,2.29778,-0.00144131,0.04084455,-0.01626905,0.1099145,0.02394405,-0.006620005,0.06893755,-0.00091591,-0.03701615,0.003130445,-0.006130185
"S121",-0.656326,3.133235,-1.26297,-0.05046175,0.5158935,-0.05418065,2.989215,-0.0132207,-0.1916825,0.002075125,0.3394945,-0.01019685,0.0394589,-0.594967,0.0558984,0.652462,0.00104042,-0.0390544
"S122",-0.316985,-2.632345,-0.8269285,-0.000472314,0.304678,-0.0445889,0.7982565,0.000947072,-0.004636305,-0.01012225,0.203029,0.01195555,0.01431085,2.93929,0.08395025,0.2628325,-0.003367275,0.001291375
"S123",-0.325729,6.726265,0.00293469,-0.003451535,-0.17451,0.0334383,6.3377,0.009652415,-0.381396,0.0117848,-0.238787,-0.0134621,0.05321,1.209915,0.05182805,-0.103462,0.0003445425,1.82849e-05
"S124",-0.1543035,12.2176,0.8883495,-0.04324355,0.343466,-0.0151365,0.5368175,-0.0376275,0.4699175,-0.0189054,0.178915,0.025434,-0.01918655,5.69913,0.06136015,-0.06943945,-0.0003898595,-0.000215318
"S125",0.4932525,-1.372275,0.91332,-0.005409575,0.2479415,-0.01992925,3.08008,-0.00560506,0.128591,-0.00934362,0.310119,0.0074468,-0.0393436,-0.352248,-0.0683528,0.25967,-0.0020034,-0.006924575
"S126",0.4244135,-2.879055,0.4010205,0.02769455,0.04707335,-0.0256329,-1.267055,0.000293615,0.1787865,0.00609536,0.041715,-0.009356225,-0.0810035,2.987355,-0.08502455,-0.445473,-1.68774e-05,0.0350865
"S127",0.5326325,2.51479,1.61827,0.0351054,-0.6881975,0.1004,-5.59493,-0.00145547,0.130781,0.01123115,-0.519308,-0.006180475,-0.2092615,2.69176,-0.346436,-1.324555,0.00310698,0.05488915
"S128",0.765077,0.86239,1.96214,-0.04904965,0.43061,-0.02028915,-2.050455,-0.0145677,0.400027,-0.01588745,0.470292,0.0151601,0.03040145,-0.8122275,0.03350025,0.2188985,0.000492398,-0.01231225
"S129",-0.0831508,6.272525,0.2132135,-0.00686954,0.1382,-0.00948153,4.71521,0.00625651,-0.334286,-0.00180002,0.11098,-0.00028206,-0.0201459,3.320765,0.004778065,-0.0282141,0.000115353,0.008456555
"S130",-0.6540335,4.032075,-1.43554,-0.0260045,0.191703,-0.00728739,5.350835,-0.001780365,-0.1251045,-0.0154108,0.3007505,0.01742795,0.1114655,-2.39825,0.230148,0.1973605,-0.000762164,0.003170765
"S131",-0.8408635,5.06185,-1.18272,-0.0130862,0.3331605,-0.03486305,-0.20032,-0.007376105,-0.01581065,-0.009907935,0.2795635,0.008296355,0.01293175,1.530555,0.01484475,0.2553035,-0.0009631775,-0.00842725
"S132",-0.321791,6.25338,-0.3849635,-0.06536335,0.647024,-0.05429265,8.1768,-0.00293365,-0.542474,-0.0117733,0.446569,0.008244915,0.0476828,4.666085,0.2176535,0.818359,0.000733092,-0.0478213
"S133",-0.220891,5.55392,-0.00269801,-0.0555751,0.5050905,-0.05358125,4.60672,-0.02170275,0.02851635,-0.01476575,0.423014,0.01471065,-0.0574789,2.948135,-0.1003025,0.6951385,0.000337186,-0.0339145
"S134",0.2177625,-10.8223,-0.5313035,-0.01610295,0.169514,-0.01078785,-1.517795,0.002498635,-0.06184155,-0.00662922,0.06608345,0.00966884,-0.1034145,1.46577,-0.182169,0.28032,0.003866665,-0.01448835
"S135",-0.9884275,9.14304,-1.23183,-0.039179,0.452829,-0.05223345,8.061075,0.0255395,-0.7003155,-0.009764465,0.3255135,0.008739355,-0.0854748,6.650345,-0.0406082,0.5424525,-0.002846335,-0.0243737
"S136",-0.277982,10.5495,0.251116,-0.0398044,0.456288,-0.03169485,0.5800895,-0.002233205,0.117733,-0.009704975,0.412321,0.007253165,-0.357272,5.898115,-0.6737895,0.5159195,-0.0010326,-0.0287094
"S137",1.05326,1.28468,2.87579,-0.01935385,0.2801645,-0.0291412,-6.016365,-0.00197833,0.266503,-0.004603545,0.150939,0.003513615,-0.002132455,-1.082105,-0.003682245,0.00675177,-0.00340822,0.00835394
"S138",-0.1135665,-6.38831,-0.849238,0.01478965,-0.245233,0.0274495,-4.175225,-0.0003336895,0.187865,0.02367215,-0.3552225,-0.0291304,0.1590925,-4.899735,0.196467,-0.5527205,0.00307819,0.0121981
"S139",-0.585653,3.941155,-0.9158245,-0.01236115,0.2534695,-0.01739,-0.0327952,0.00634604,-0.00923867,-0.0107535,0.209704,0.012633,0.06284395,2.528915,0.1361375,0.260079,-0.00568957,0.002149025
"S140",-1.2612,10.4815,-1.9489,-0.000547369,0.197811,-0.03944035,9.56446,0.005231545,-0.484124,-0.00433663,0.131818,0.00442085,-0.02659105,2.84003,-0.0261337,0.514375,-0.00637362,-0.0186276
"S141",0.2423445,-4.191595,0.1075345,-0.02643755,0.124814,-0.003980545,2.13243,0.0234741,-0.313503,0.002771295,0.124171,-0.007845295,-0.1514205,-0.87155,-0.2825235,0.233824,-0.000183091,-0.02251865
"S142",-0.09787025,-0.465449,-0.463364,-0.0413019,0.482178,-0.0471024,-5.3135,0.002548815,0.1746265,-0.009150135,0.4729095,0.00277347,-0.0706136,-0.644575,-0.203655,0.421257,-0.000517072,-0.0190333
"S143",0.599785,-2.440535,1.0656,0.0228895,-0.4492315,0.0636912,-1.951125,-0.006167145,0.339067,0.01379,-0.409661,-0.012402,-0.08395165,-1.56376,-0.198091,-0.164711,-0.000356219,0.0025271
"S144",-0.50902,9.716635,-0.5246855,0.00254733,-0.005549305,-0.00198167,5.256,-0.016501,-0.1818865,-0.00442106,-0.01752565,0.006648485,-0.1182045,6.011995,-0.156329,0.414313,0.001600195,-0.026928
"S145",-0.0368411,2.007465,0.03253155,-0.0377165,0.3443145,-0.03620175,1.842545,-0.00210169,-0.0008062535,-0.01007835,0.3687375,0.00903111,0.06596555,-0.364955,0.09207935,0.594848,-0.001717495,-0.01828135
"S146",0.050181,7.67734,0.977059,-0.0258091,0.2882855,-0.0114935,2.862475,0.01117075,-0.2732545,-0.001184795,0.09887245,-0.0001720605,-0.0187276,4.028255,-0.0112271,0.422529,-0.000655825,-0.0143822
"S147",0.20563,-4.626585,-0.09901695,-0.005058385,-0.04328775,0.01080125,0.7882135,0.0169031,-0.2467355,0.0015971,-0.07824965,-0.0018508,0.114102,-1.944755,0.1858425,-0.103502,-0.000452946,0.01235675
"S148",-0.1960775,-2.740895,-0.53712,0.007824245,0.04608705,-0.007799405,-0.5391895,0.0171306,-0.3393405,-0.001658375,-0.00218827,0.00287768,0.03307455,-1.549135,0.04562805,-0.219671,-0.00111719,0.01046685
"S149",-0.549767,0.9954,-0.9505375,-0.04611655,0.267291,-0.0234259,0.5086705,0.00131637,-0.0916645,-0.00751815,0.207602,0.00625081,-0.01971925,1.7848,-0.01247965,0.2058465,-0.001287615,-0.009604335
"S150",0.4139715,3.10297,1.140445,0.134419,-1.291105,0.1105915,-0.7642565,0.00303644,-0.1925265,0.03549635,-0.992412,-0.0338101,-0.071086,-0.381988,-0.1001365,-1.29235,0.01305535,0.0371706
"S151",-0.509597,10.0273,-0.240017,-0.0907528,0.547167,-0.00692489,-1.67585,-0.0143365,0.381889,-0.0101186,0.3611605,0.00613769,0.0860005,1.64807,0.1782775,0.395014,-0.0004634095,-0.00835442
"S152",0.8742385,1.757605,2.522925,0.01029545,-0.0785321,-0.009471565,1.578795,-0.00897074,0.1017295,-0.00336357,0.1646565,0.0006092395,-0.00221757,2.358045,-0.03691375,0.306944,6.86194e-07,-0.02551975
"S153",-0.67638,14.3445,-0.06614715,-0.03082815,0.316804,-0.01705615,2.254045,0.008090625,-0.244223,-0.003685905,-0.0698549,0.006967385,-0.2228225,8.99874,-0.3260865,0.1781455,-0.0003376755,-0.01060575
"S154",-1.03609,4.659685,-2.01821,-0.0443036,0.367039,-0.004172005,6.859645,0.0298638,-0.539156,-0.0141882,0.3168835,0.0145756,-0.01656905,7.040025,0.0776936,0.3709065,-0.0003022445,-0.00266958
"S155",-0.272229,-3.310585,-0.784452,-0.0360856,0.296766,-0.01146635,-5.773755,-0.00427201,0.235469,-0.002409205,0.1425165,-0.000538401,-0.1698025,4.05003,-0.2557055,-0.0793777,-0.002842725,0.01985755
"S156",0.197657,1.254145,0.6253375,-0.03159765,0.1663285,0.01120375,5.56039,-0.000513664,-0.196436,-0.00468207,0.154883,0.004996325,0.035614,1.47576,0.09472745,0.08756245,-0.005348115,0.00109998
"S157",-0.663457,6.764055,-0.735506,-0.0608144,0.4857575,-0.009710665,3.27491,-0.00031268,-0.18899,-0.00898096,0.31176,0.00617012,-0.04287115,1.82633,-0.02883925,0.4836295,-0.001783265,-0.0143373
"S158",-0.64885,1.707595,-1.17145,-0.009770845,0.2020115,-0.0153671,2.453345,0.005310765,-0.118376,-0.0168387,0.360389,0.0190124,-0.0388633,0.561045,-0.05791115,0.36349,0.000757515,-0.02168415
"S159",0.406637,-10.6558,-0.1857755,0.02164915,-0.03675335,-0.02100135,-2.599235,0.003398185,-0.0409952,-0.00830723,0.08049775,0.0105328,-0.1345055,0.347016,-0.279618,0.0754477,0.0007287925,-0.00678421
"S160",0.115292,-4.69182,-0.0649711,-0.03720715,0.2470255,-0.01182285,-2.376135,0.005319755,0.00736708,-0.007601595,0.288756,0.005726095,0.0266605,-1.12868,0.00576169,0.070493,-0.002236235,0.000917188
"S161",-0.7995225,5.185495,-1.302795,-0.0506671,0.446265,-0.0179554,3.88177,0.007741355,-0.2635505,-0.01674365,0.2079175,0.02119045,-0.0872079,-0.9593735,-0.160171,0.532246,-0.001062235,-0.03159385
"S162",0.2233145,2.01882,0.6721805,-0.0463816,0.589002,-0.05007595,-0.071575,0.00208964,0.07303075,-0.006364005,0.3727015,0.000684139,0.149916,1.592345,0.393039,0.4495445,-0.00344281,-0.00629421
"S163",0.02253485,3.637475,0.4742675,-0.08506045,0.4033275,0.004436965,1.804475,-0.0043745,0.1270435,-0.00751674,0.1378015,0.00819029,0.0846288,-0.4323945,0.169643,0.191755,-0.000718515,-0.009760075
"S164",-0.63991,-4.61792,-1.992385,-0.0314933,0.313533,-0.05342265,0.9386335,0.00174803,-0.1041655,-0.000503848,0.3515885,-0.00603002,0.1802105,-3.475895,0.3505975,0.5287555,-0.00382792,-0.0164282
"S165",0.585371,-2.10088,1.01075,0.02285715,-0.2070595,0.01211605,-5.530025,-0.00878773,0.360229,0.01033235,-0.234202,-0.0117541,0.1095715,-4.762875,0.0840714,-0.4900315,-0.0007573925,0.0276664
"S166",-0.323954,7.46376,-0.05650545,-0.04684155,0.461927,-0.03488025,6.82412,-0.0005556205,-0.3529405,-0.01520055,0.514685,0.01213355,-0.01526895,2.40345,0.02493955,0.483451,-1.683385e-05,-0.02702375
"S167",-0.389905,9.102775,-0.03848195,-0.02170915,0.1364035,0.0006294935,6.94311,0.007154195,-0.237332,-0.02205525,0.336978,0.02753985,-0.272148,5.712855,-0.4821345,0.65109,0.00576051,-0.05322655
"S168",-0.6836865,1.46064,-1.2601,-0.0360845,0.361658,-0.03631305,-5.02685,-0.006628225,0.276711,0.004866625,0.1708295,-0.01245395,0.0718345,-3.392345,0.0935539,0.322345,4.25317e-05,-0.020251
"S169",0.3349175,-8.00657,-0.00617105,0.155783,-1.474335,0.1304115,-6.33277,-0.00870882,0.441648,0.0348842,-1.29541,-0.02683925,0.0268017,-4.50913,-0.00546138,-2.681295,0.010473,0.111399
"S170",0.650947,-5.51657,0.7598945,0.0167015,-0.222164,0.02002365,-5.28149,0.00314122,-0.00372977,0.00366284,-0.0779278,-0.00338881,-0.07701575,-3.3528,-0.193691,-0.07029015,-0.000833266,-0.00220246
"S171",0.187572,-3.204035,-0.006643015,0.124381,-1.05806,0.06047915,-2.268645,-0.001915395,0.0691851,0.02012055,-0.5716585,-0.01918395,-0.03348165,-3.04615,-0.03591385,-1.062275,0.0015246,0.0471929
"S172",-0.7654105,1.85226,-1.497565,-0.0562442,0.5023615,-0.04879055,-0.4466195,0.00525399,0.01816905,0.003297185,0.2114145,-0.0100927,0.109793,1.884595,0.294631,0.2017475,-0.002509665,0.0102968
"S173",-0.885873,10.7713,-0.7938595,-0.0286842,0.210116,-0.00304504,0.735227,0.006788025,-0.1254675,-0.0115754,0.0446571,0.01508295,-0.3140665,7.263855,-0.4419985,0.153183,0.004810945,-0.02906365
"S174",-0.207368,4.56974,-0.01233825,-0.0314371,0.3253875,-0.0160799,-0.605446,-0.005736315,0.1163135,-0.007001705,0.1392755,0.0095001,0.0015314,5.14623,-0.03077865,0.6101175,-0.0004828085,-0.0323334
"S175",-0.317429,3.67196,-0.06214735,0.01500545,-0.3481955,0.093563,5.43236,0.0373771,-0.726265,-0.0246082,-0.398993,0.0463488,-0.0366453,3.013745,-0.018554,-0.3343325,0.0103717,-0.01888035
"S176",0.54224,-8.04404,0.1918735,0.076135,-0.6311615,0.0378776,-5.074805,-0.005249985,0.198578,0.01446985,-0.6541985,-0.007250165,0.04527955,-4.55867,0.007825225,-0.3806255,0.00757521,-0.002230635
"S177",-1.10844,7.517255,-2.230995,-0.04993695,0.4102,-0.00315099,1.420115,0.01331515,-0.208775,-0.01218385,0.0705684,0.0168104,-0.207293,6.97026,-0.3263995,0.09449775,-9.72187e-06,-0.0181604
"S178",-1.391385,6.10431,-2.7385,-0.03763125,0.368189,-0.01736275,12.34275,0.00939846,-0.737931,-0.015309,0.3366535,0.01863605,-0.03424485,7.151675,0.0498199,0.683373,0.001003,-0.03713875
"S179",0.554701,-4.96104,0.5476535,0.03447485,-0.05098235,-0.0299172,0.4846755,0.00922742,-0.174625,-0.00445235,0.02918835,0.005457795,0.2052025,-6.123505,0.276024,-0.2478115,0.0009564625,0.0119158
"S180",0.268349,-0.615877,0.1457335,0.00349504,0.120337,-0.01725495,-0.147945,0.01071905,-0.349839,0.00734467,-0.0527808,-0.01144825,-0.04220915,-2.299645,-0.1092445,-0.09171225,0.000106048,-0.001661495
"S181",0.158597,-0.05643575,0.218791,-0.0128326,0.1882095,-0.00159975,0.3720515,0.0228608,-0.2743605,-0.01974885,0.277835,0.02351855,-0.07322935,2.82373,-0.1021455,-0.07291265,0.000259267,0.00188215
"S182",-0.144833,-2.076775,-0.5232975,0.06858545,-0.6293685,0.04740525,-5.520405,-0.00300706,0.299126,0.01966135,-0.40251,-0.0206886,0.0938022,-6.14037,0.06550775,-0.5891035,0.00373644,0.02271745
"S183",0.308986,-3.51227,0.1944735,0.0508297,-0.6285705,0.06990415,-2.64732,-0.0127278,0.230881,0.004562605,-0.55033,0.00339706,-0.0875701,1.325065,-0.09756415,0.181299,0.009374975,-0.02388655
"S184",0.003668175,-8.87303,-0.7174045,0.06596965,-0.6558645,0.0599809,-5.351345,0.009783085,-0.0520261,0.0274187,-1.08252,-0.01987075,0.0751695,-1.22283,0.08014315,-1.243985,0.00565248,0.0493859
"S185",0.9640775,-2.503285,2.177015,0.005353065,-0.0640688,0.000589252,-5.14149,-0.00427307,0.284033,0.01809945,-0.0159985,-0.02636635,-0.152002,-2.36565,-0.34813,-0.3256195,-0.00320911,0.0279855
"S186",-0.18265,0.6670595,-0.175452,-0.02852375,0.1895425,-0.00051947,-0.8742925,0.004927225,0.1108975,-0.00100898,-0.0127308,0.000916489,-0.08758605,1.52382,-0.157464,0.2173455,0.000162141,-0.02425745
"S187",0.161697,2.7886,0.4320965,0.01189015,-0.1180295,0.00896062,-2.38667,0.00950123,0.0005520545,-0.001872985,-0.114702,0.00450356,0.0328472,-1.47343,0.0492184,-0.02147765,0.000237499,-0.0001708315
"S188",-0.406714,2.556085,-0.5174565,0.02609915,-0.1259815,-0.0009289475,-5.458835,-0.00223712,0.412483,-0.00245056,-0.08010705,0.00454054,-0.0199703,2.939825,-0.0499461,0.1316355,0.002669435,-0.02672125
"S189",0.5187215,-1.42095,0.9469545,0.0878248,-0.853304,0.07773195,-5.42898,0.001591775,0.265671,0.0237989,-0.6109705,-0.02429365,0.2094415,-4.2976,0.325916,-0.7160675,0.000133586,0.04124405
"S190",0.0212018,1.50154,0.0871251,-0.00403836,-0.008449175,-0.00381336,-3.131575,-0.00942565,0.3870325,0.01075855,-0.1568715,-0.0144489,0.111888,1.35755,0.228802,0.159308,-0.001059085,0.00353307
"S191",-0.14376,4.5838,0.2622835,-0.0181606,0.0757034,0.0151919,2.203275,-0.00860228,0.05064215,0.000465769,0.1390215,-0.00440753,0.09535345,-4.17499,0.0617731,0.07849865,0.00347731,-0.017713
"S192",1.216645,-5.500065,2.17247,0.0279658,-0.195364,0.001369445,-6.046655,-0.00343806,0.296155,0.00159377,-0.0138202,-0.002687815,-0.119842,5.061165,-0.1592775,-0.1417955,0.0007689785,0.00584562
"S193",-0.376423,-1.393245,-0.7767285,-0.007542355,0.2302255,-0.0152249,0.9193535,0.000111345,-0.002986195,-0.01327325,0.3548365,0.01229925,0.0447261,0.2468245,0.0601516,0.09455,-0.00235403,0.0001966925
"S194",1.171435,-0.999374,2.794395,0.0181227,-0.1431575,-0.008746965,6.660575,0.03120185,-0.9106225,0.00244408,-0.2100395,0.00126557,0.02964205,-1.832395,0.02799585,0.2710175,0.0002065935,-0.018797
"S195",-0.5878285,5.04809,-0.920488,-0.03351355,0.3360215,-0.01810865,4.403945,-0.01397435,-0.02115175,-0.00681093,0.1717015,0.006146035,-0.1575895,5.701905,-0.2410725,0.12738,-0.00046716,-0.00065113
"S196",-0.1399495,-5.48048,-0.721208,0.01707015,-0.171709,0.0178751,-0.8902555,-0.01122455,0.312082,-0.001276665,-0.0546287,0.00281538,0.2153815,-4.44801,0.3246905,0.0791251,0.00511852,-0.0191806
"S197",0.765998,-0.6210275,1.771975,0.0461763,-0.270908,-0.003450275,7.428215,-0.01663325,-0.331676,0.00496702,-0.1737515,-0.00309009,-0.1860045,0.7949615,-0.3806485,0.01504545,0.0004340455,-0.01760985
"S198",-0.270868,13.21965,0.2153535,-0.02320435,0.2701725,-0.01847415,6.336405,-0.008533875,-0.317042,-0.0178563,0.0938641,0.02624625,-0.3178305,10.41195,-0.483348,0.6136765,0.00325822,-0.0478014
"S199",-0.4651695,4.134245,-0.2998315,-0.0363206,0.4101295,-0.0338036,2.56961,-0.0057402,0.034181,-0.01177505,0.285425,0.0128371,-0.183117,5.56578,-0.2315355,0.665749,0.0006610015,-0.03757515
"S200",-0.401845,2.93848,-0.354832,-0.02437585,0.376784,-0.03652905,2.794225,-0.00374318,-0.1383555,-0.0142109,0.317499,0.01579505,0.02107955,2.73958,0.0954433,0.52893,-0.0002982595,-0.0188216
"S201",0.199354,0.73507,0.4933565,0.02787165,-0.4465395,0.04788155,-2.541115,-0.00825476,0.247405,0.004072655,-0.397378,0.0020187,-0.0493488,-0.5199465,-0.131111,-0.3965885,0.002675675,0.004676975
"S202",0.3253855,-8.11076,-0.125978,-0.01171615,0.0634083,-0.006414225,-1.866885,0.000568502,0.0719475,-0.00737645,0.226275,0.00770615,0.003859275,0.318636,0.02484885,0.484204,-0.00227178,-0.0170853
"S203",0.4865325,6.68677,2.34394,0.04775645,-0.327823,0.01066635,-12.8439,-0.02636255,0.990379,0.01261765,-0.204342,-0.01399245,0.0250916,-0.288327,0.02489675,-0.1426495,0.00183186,0.00799589
"S204",0.0603708,-4.65827,-0.26452,0.01228665,-0.04780045,-0.01111795,-4.749125,-0.00618973,0.237703,-0.000214197,-0.00480533,-7.414155e-05,-0.0173636,-3.470275,-0.07678395,0.112385,-0.00229244,0.00536454
"S205",0.623473,0.09860825,1.49168,0.0746505,-0.5793785,0.0285453,-1.817175,-0.008503105,0.3578755,0.02663045,-0.435193,-0.03058445,-0.02729855,-3.887375,-0.124033,-0.3389255,0.000624862,0.01741235
"S206",-0.178193,1.66457,0.02645805,-0.01263765,-0.01301295,0.02693165,2.57694,0.00939727,-0.2795735,-0.00541964,0.0237313,0.00769477,0.0449568,1.53339,0.1062625,0.04659765,0.002457295,-0.01415755
"S207",-0.6181955,-0.9388765,-1.579395,-0.021572,0.1577395,-0.00137831,3.12088,-0.0003490155,-0.2073005,0.009159035,0.0296652,-0.01494565,0.05365695,3.100415,0.171902,0.02207175,-0.0003135495,0.009850695
"S208",0.539425,-8.94738,0.1208875,0.05739885,-0.653705,0.0506457,-2.00577,-0.0103867,0.217052,0.02236595,-0.439101,-0.02515575,0.0792942,-4.97075,0.00871011,-1.058535,0.0006597085,0.05176305
"S209",-0.07712465,-1.29555,-0.155763,-0.07517115,0.44985,-0.00873411,0.5334545,-0.0135469,0.12749,-0.00689443,0.309804,0.003762065,-0.00326656,-0.0695319,0.01718565,0.477517,-0.002233165,-0.01621035
"S210",1.242035,-2.35832,2.63489,0.08632605,-0.699969,0.03516135,-0.6250055,0.0164219,-0.317207,0.0289028,-0.571745,-0.0327676,0.1895085,-3.51012,0.301758,-0.5240715,-0.0001036515,0.0343299
"S211",-0.080734,3.196985,0.0817181,-0.06212565,0.4406275,-0.0190035,4.599575,0.003282595,-0.119415,0.001189685,0.1488835,-0.00523111,0.11038,0.9759805,0.2746595,0.5676075,-0.000289828,-0.0241153
"S212",0.711488,-3.357215,1.388935,-0.02188285,0.1172455,-0.009595745,1.84929,-0.00830685,0.06569555,0.00565284,0.1136635,-0.009514555,-0.00257127,-4.196005,-0.1063785,-0.183245,0.000656394,0.007918615
"S213",-0.1457105,-6.324475,-0.8636,-0.001789345,0.163026,-0.02632505,-0.567048,-0.004891595,0.1651505,0.0126036,0.054267,-0.01993775,0.111159,-2.23117,0.1882065,-0.05023205,-0.000602739,0.000532135
"S214",0.05732775,2.29921,0.4208705,-0.0349411,0.2091085,-0.01625255,-7.101715,-0.0292165,0.618448,-0.006073385,0.3340795,0.003338505,0.268693,-4.13259,0.58634,0.08071485,-0.00617897,0.01379085
"S215",-0.371671,1.688235,-0.3997585,-0.02723955,0.267758,-0.009097495,0.587365,0.008697065,-0.188437,-8.87792e-05,0.178866,-0.004602295,-0.128074,2.110665,-0.202082,0.0387293,-0.00284835,0.004232745
"S216",0.09570015,-1.63864,0.00353952,-0.01261525,0.1130655,-0.000522957,-0.765542,-0.01253795,0.09326075,0.008032875,-0.152696,-0.009169595,0.03171045,0.113792,0.05199805,0.435274,0.0001970005,-0.03100575
"S217",-0.03444525,4.02636,0.160807,-0.0238829,0.3404535,-0.0421981,1.29085,-0.01356835,0.0624037,-0.00196613,0.3275475,-0.002126755,0.0310131,0.633532,0.00930556,0.4068505,-0.004790835,-0.01277905
"S218",-0.793162,7.1475,-1.10139,-0.0438867,0.3493315,-0.009188855,0.7705585,-0.01228315,0.22418,0.000585278,0.1817675,-0.004712825,0.162399,-5.930245,0.2565505,0.4279145,-0.003720495,-0.0229937
"S219",-0.18941,-9.158465,-1.228345,0.0361409,-0.242417,0.00782099,-4.78079,-0.00201219,0.301494,0.00961742,-0.4205515,-0.00594769,0.0653329,-2.148915,0.0923699,-0.433069,0.000290295,0.02486605
"S220",-0.00313249,-4.052555,-0.3600575,-0.03096105,0.139855,0.0144238,0.02955045,-0.01245925,0.144665,0.003004395,0.08767885,-0.006718675,0.1353125,-2.235795,0.2331085,-0.4985215,-0.000570477,0.0344686
"S221",0.78012,-2.531985,1.48626,-0.010233,0.0911069,0.001822285,-2.89483,0.0004067665,0.1627795,-0.00427655,-0.0283279,0.006710245,0.142249,-3.09673,0.2168545,-0.1298235,-0.00179126,0.00860234
"S222",1.10715,-0.6936655,2.70158,-0.00078739,0.0491641,0.00103856,2.86072,0.0216694,-0.2306585,0.003083665,-0.0387137,-0.003330395,-0.0162563,-1.638835,-0.0163827,-0.03062585,-0.0004919685,0.00270207
"S223",-0.601665,-0.2908575,-1.444525,-0.004670465,0.130007,-0.0336706,1.280005,0.001513345,-0.1557065,-0.009797345,0.417014,0.00747857,0.0003449195,2.35083,0.0309761,0.359888,-0.001633725,-0.004540855
"S224",0.70339,-3.62343,1.278575,-0.0271761,0.286364,-0.00648662,4.57487,-0.01479215,-0.0757121,-0.008606755,0.09976995,0.0116013,0.00396785,3.513335,0.0901561,-0.2031365,0.003389145,-0.007356755
"S225",0.5773325,2.877805,1.741635,0.0395269,-0.241912,0.00868165,-7.4164,-0.004523145,0.3376705,0.00875701,-0.123848,-0.00971107,-0.03899565,-3.16693,-0.1043225,-0.0125821,-0.000761519,-0.01016305
"S226",-0.847558,9.135735,-1.09474,-0.0517841,0.543129,-0.0622374,7.13597,-0.007191565,-0.1910085,-0.01581215,0.517911,0.0137435,-0.2384315,7.668615,-0.4211425,0.669553,-0.0031843,-0.0290106
"S227",0.4196495,1.8775,1.30296,0.00349424,-0.00571886,0.00247871,-1.599705,-0.004106055,0.270605,0.00295163,0.0568863,-0.003966415,-0.05949835,-2.212645,-0.143906,-0.172719,-0.0008111425,0.00717047
"S228",0.01051105,-7.009005,-0.575496,-0.05811215,0.445756,-0.0187028,-2.301545,-0.00232324,0.2611665,-0.00271967,0.148223,0.001810225,-0.008700205,0.771724,0.02787335,0.319655,-0.005022215,-0.009810795
"S229",-0.693907,2.909555,-1.252345,-0.03429535,0.1458605,0.00802351,2.26409,-0.01519205,0.3117655,0.0001604145,0.100123,-0.002734595,-0.0140175,3.33805,0.007026085,0.243007,-0.00140812,-0.00747338
"S230",0.333421,-3.156845,0.4025875,0.0253125,-0.328504,0.02807045,-3.69453,-0.0082138,0.3746665,0.0218115,-0.57744,-0.0210407,0.1561945,-3.60698,0.254045,-0.303602,-1.430581e-06,0.0144899
"S231",-0.381525,-7.619835,-1.5693,-0.01532475,-0.126153,0.02721815,3.222545,-0.003791685,-0.172128,-0.02081645,0.2092325,0.0276311,-0.1254175,-1.096995,-0.242504,0.023664,0.0007272915,-0.01337075
"S232",-1.28479,12.99625,-1.66479,0.04393035,-0.498222,0.055316,-1.18153,-0.01443165,0.3644495,0.0131305,-0.44674,-0.0100108,0.00401954,4.874045,0.09345705,-0.646219,0.00408476,0.0225188
"S233",-0.442991,3.578575,-0.7269225,-0.047957,0.369468,-0.0193629,3.40914,0.002586835,-0.219292,-0.0118398,0.4224105,0.008918675,0.0251423,2.839235,0.08720595,0.3782855,-0.00212743,-0.01822515
"S234",0.802254,-2.85895,1.5129,0.002935835,-0.115549,0.00390296,-1.340445,-0.004471575,0.280384,0.01068455,-0.2440115,-0.01175795,0.07744515,-4.595615,0.0526663,0.03664325,-5.472495e-05,-0.0026745
"S235",-0.465798,3.920695,-0.4780495,-0.05668785,0.555225,-0.0397432,0.8582435,0.00241605,0.1662635,-0.01310145,0.455814,0.0110682,-0.131343,4.906405,-0.1302985,0.5220035,-0.00339577,-0.014861
"S236",0.4415775,-7.31464,0.0867369,0.02727275,-0.2569535,0.00920541,-3.050245,-0.0096685,0.2488405,0.004775745,-0.0269432,-0.007190325,0.135984,-4.47457,0.136958,-0.573207,-0.0007766565,0.0422437
"S237",0.0978878,2.521865,0.3007005,0.03084395,-0.2991335,0.00807371,0.89682,0.00203296,-0.08728185,0.008491715,-0.252605,-0.00686554,0.09641325,-3.09702,0.1459245,-0.2118275,-0.003380725,0.0155693
"S238",0.1890095,-7.961895,-0.1756635,0.0162238,-0.318592,0.052794,-5.841915,-0.01065905,0.4820165,0.00865958,-0.2329525,-0.007324425,-0.17178,-0.5955405,-0.3740495,-0.440036,0.004909445,0.003180915
"S239",0.06794825,-2.50267,-0.44942,-0.02166315,0.197761,-0.0123801,2.349945,0.001976065,-0.05932445,-0.002609895,0.1913485,0.0001688915,0.1532635,0.292872,0.265003,0.1667405,-0.001476045,0.007494445
"S240",-0.487491,-2.32773,-1.128235,0.00129566,-0.108084,0.0174778,0.50238,-0.001285675,0.02110725,0.002487405,-0.0770863,-0.0006721415,0.07203115,-4.02877,0.05449605,-0.110968,0.000153378,0.00105896
"S241",-0.05811775,-1.2946,-0.2349245,-0.01347895,0.168103,0.000796882,4.009865,0.0435694,-0.6675805,-0.008013655,0.02682305,0.01144045,-0.1474185,0.543306,-0.296607,0.455538,0.003881005,-0.0332748
"S242",0.818453,2.389705,2.41572,0.0240635,-0.396805,0.05221195,-4.96948,-0.03875165,0.5815825,0.0142981,-0.3656115,-0.01367465,0.01502525,-3.41927,-0.0578779,-0.6573345,-9.297205e-05,0.03197955
"S243",0.341268,-3.59709,0.304071,-0.0078812,0.02758155,0.00462472,-5.62033,-0.00581451,0.362668,-0.003892425,0.0992135,0.004357335,0.09541705,-5.966045,0.0503861,-0.0621596,-0.00397801,0.005747315
"S244",0.1263225,-0.144814,0.20076,-0.0474933,0.4532395,-0.02508925,3.55484,-0.005718815,-0.297962,-0.01288115,0.356247,0.01331225,0.03666655,4.631995,0.129341,0.698928,0.00133741,-0.03918985
"S245",0.1962675,-3.39362,-0.003649385,-0.0196054,-0.0313505,0.006040515,3.5867,0.0192719,-0.5222745,-0.00865612,0.1535835,0.01003945,0.07243715,0.9106535,0.1124245,0.233331,-0.001688765,-0.006651345
"S246",-1.1396,9.389285,-1.97127,-0.0602967,0.534048,-0.06246675,-0.08109825,-0.0016143,0.02523885,-0.0208521,0.572647,0.02091345,0.1504685,2.740195,0.394204,0.5370625,-0.002176565,-0.01307915
"S247",-0.699042,1.348125,-1.46747,-0.0449705,0.448322,-0.0267315,5.04758,-0.00103835,-0.144778,-0.01307445,0.3989075,0.01208715,0.0764831,2.49575,0.229177,0.552116,-0.00332614,-0.0102034
"S248",0.2013205,1.179235,0.5451995,-0.03728745,0.578817,-0.07398045,3.12162,-0.0132286,0.1193725,-0.01655915,0.50625,0.01659025,0.203841,-2.628165,0.412667,0.62069,-0.00223316,-0.0224818
"S249",1.20557,-2.498295,2.58721,-0.00908249,-0.02208765,0.0206826,5.91476,-0.003768075,-0.232053,-0.00725094,-0.01118945,0.01274395,0.03474835,-2.472795,0.0373014,0.206246,0.00419589,-0.0201769
"S250",-0.6595435,-0.5929045,-1.39028,0.004175895,0.0922283,-0.01412075,2.722755,0.007342275,-0.03029635,-0.000736462,0.07510825,4.92021e-05,0.04274275,3.955475,0.0904114,0.17941,-0.004023595,-0.003382765
"S251",-0.6646815,6.661845,-1.00597,-0.03227205,0.379323,-0.0218081,12.08975,0.02075185,-0.759293,-0.009717275,0.212812,0.010327,0.0691773,3.779385,0.199453,0.373038,9.933765e-05,-0.0201881
"S252",0.4207245,-1.028785,0.877951,0.008815805,-0.0625165,-0.00200019,-4.030465,0.00381823,0.115269,0.00454605,-0.138419,-0.003735265,-0.05326945,2.273015,-0.099672,-0.127617,0.004398715,0.00306865
"S253",-0.00073527,-6.113345,-0.545566,-0.00212752,0.09909065,-0.001767315,-1.516575,-0.00607238,0.2721815,0.01038115,-0.09667965,-0.01356515,0.0209639,2.492805,0.0642061,0.09790225,-0.00205973,0.0132326
"S254",0.214775,1.890455,0.7230735,0.0293295,-0.1089155,-0.000365781,-2.326075,-0.003896285,0.239105,0.00539536,-0.2548095,-0.002360965,0.1170715,-2.828395,0.1510545,-0.221456,-0.0001313465,0.0235929
"S255",-0.4445315,0.9304155,-0.9156185,-0.01399685,0.1131685,-0.0130531,-4.58464,-0.00231613,0.188382,0.002961195,0.1912035,-0.007842645,0.05726565,-0.938381,0.0656551,0.0756212,-0.00274876,0.001663105
"S256",-0.461431,-4.10475,-1.426555,0.0006256,-0.0922545,0.00530639,2.46834,-0.00013758965,-0.167806,0.0003985705,0.1320455,-0.002211115,-0.000205256,-1.97166,-0.070626,0.1163285,-0.005642815,0.0025592
"S257",0.5004335,-7.26392,0.415566,0.135597,-1.33405,0.126983,-2.216415,-0.005100565,0.2049785,0.03882715,-1.367865,-0.03173905,-0.0873936,-4.34391,-0.1958585,-1.17337,0.00454941,0.03880175
"S258",-0.445994,0.845847,-0.7958145,-0.0324204,0.3497905,-0.04016305,-3.24444,0.004014385,0.09080245,0.0116219,-0.0141633,-0.01842015,0.0956236,-0.2141315,0.244138,0.3685125,-0.001089025,-0.00674716
"S259",-0.6381675,5.80482,-0.982171,-0.005457395,0.0711375,-0.00314037,2.39941,0.00132326,-0.05633285,-0.00604756,0.153189,0.006524985,-0.07274555,2.782485,-0.0328475,0.2646975,0.001589875,-0.016954
"S260",0.3783175,-1.98626,0.6834185,-0.01744125,0.08598525,-0.01167745,-5.27712,-0.00377269,0.148544,-0.00483002,0.106284,0.004835885,0.08016315,1.02684,0.188714,0.128283,-0.001312865,0.00549382
"S261",0.3926135,-5.53676,0.09134485,-0.0250143,0.265301,-0.01707755,-2.46295,-0.00621518,0.24267,0.004301535,-0.0310736,-0.00581335,-0.0163967,-1.2207,-0.0501364,-0.08896765,-0.00234464,0.01293305
"S262",0.5513765,-0.0373232,1.003705,-0.0460246,0.2456115,-0.00697159,10.6975,0.03751775,-0.8863945,-0.008239505,0.4113355,0.002857425,-0.24395,3.026465,-0.3992175,0.311406,-0.00113353,-0.01823575
"S263",-0.4070945,0.855802,-0.788665,-0.02304735,0.107533,0.00360109,3.45403,-0.0100251,-0.07587565,-0.004324675,0.311852,-0.0002996515,0.0497668,-1.599375,0.0984194,-0.2649385,-0.00113612,0.01536445
"S264",0.3817985,-1.560285,0.3557655,0.02787965,-0.3425655,0.0266288,-5.75706,-0.014316,0.416054,0.00688475,-0.2673845,-0.00459201,0.1957315,-3.566895,0.302066,-0.08586915,-1.917225e-05,0.005689165
"S265",-1.086825,3.816675,-2.198845,0.0603436,-0.718567,0.07789175,1.76445,-0.01163735,0.198538,0.01320915,-0.346973,-0.01225155,-0.0507349,2.06846,-0.0904208,-0.56524,0.000181954,0.0417587
"S266",-1.347845,11.07945,-1.93552,-0.0380605,0.2963945,-0.0234634,7.76453,0.006495905,-0.320859,-0.01335025,0.304604,0.01327865,-0.173501,6.64076,-0.1782575,0.404974,-0.00073133,-0.02214585
"S267",0.419631,-2.996635,0.4888535,-0.03292545,0.354857,-0.04166695,-2.92887,-0.00922015,0.3193845,-0.00271691,0.3854795,-0.004098555,-0.100118,1.91742,-0.147707,0.359505,0.001345605,-0.0205903
"S268",0.424628,-2.919525,0.6669665,-0.04276195,0.265412,-0.0019281,-0.952233,-0.004112395,0.0836031,0.003741385,0.1486645,-0.00817326,-0.1619645,1.2563,-0.2473145,0.179007,-0.00052258,-0.0137608
"S269",0.3197035,-7.94027,-0.1137885,0.0008411285,0.136731,-0.0150331,-1.770135,-0.00856464,0.326487,-0.00900746,0.259425,0.00779367,0.1950315,-2.61194,0.3726225,0.01508045,-0.004220035,0.01162295
"S270",-0.6184185,5.46288,-1.08427,0.0513028,-0.5528905,0.05754915,-0.1151865,-0.00523276,0.125357,0.002083805,0.05037255,-0.004989305,0.190178,0.898003,0.4745705,-0.172513,-0.001643045,0.0152355
"S271",0.426751,-3.942015,0.264577,0.1419875,-1.37377,0.1265515,-5.117055,0.00967233,0.01075295,0.0360035,-0.9261075,-0.0354034,-0.0233555,-2.261515,-0.04152215,-0.767428,0.002691775,0.03244805
"S272",-1.033825,4.24887,-1.546265,-0.00985883,0.208403,-0.034275,-0.04961785,-0.000219511,0.1951695,-0.01396535,0.348093,0.0126159,-0.0670127,1.71813,-0.086376,0.2509775,-0.00136732,-0.01090895
"S273",-0.01064945,-2.65748,-0.139766,-0.0116717,0.04795635,0.0009854255,-1.04406,-0.006758355,0.1463315,-0.00231715,0.03946195,0.001271915,-0.1453025,-0.47855,-0.1986865,0.5269255,0.00194041,-0.03614285
"S274",0.133708,-8.13793,-0.522411,0.00722069,-0.00573879,-0.002233935,-1.111835,0.00386716,0.108603,-0.01011275,0.0915681,0.01340735,0.2185165,-4.340595,0.384683,0.02203285,5.58724e-05,0.0151162
"S275",-0.01086085,-2.87759,-0.253455,-0.0177686,0.3310935,-0.02519665,-0.03411385,-0.0114703,0.2193785,-0.00738367,0.305794,0.004233405,0.0459874,-2.21732,0.0229809,0.460791,-0.003301985,-0.01655365
"S276",-0.08419395,-1.066905,-0.2438315,-0.03337705,0.499145,-0.05712935,5.451485,-0.004571565,-0.1422625,-0.02250445,0.4364805,0.02583595,-0.01048285,3.394755,0.01798425,0.606333,-0.00220827,-0.02930555
"S277",-0.1101965,-2.134125,-0.4269845,0.01711655,-0.05388355,-0.00737015,2.69774,0.008092135,-0.395469,-0.007674855,0.221627,0.007319575,0.1262935,0.8287255,0.227124,0.282695,-0.0001320615,-0.007146075
"S279",0.2246655,-0.425305,0.3244775,-0.0393077,0.328033,-0.0119952,2.291965,-0.00269433,0.0989954,-0.01338915,0.407043,0.0129794,-0.0118161,4.427115,0.03515045,0.2385465,-0.000673737,0.001543265
"S280",0.8171215,-2.33139,1.909555,-0.00963226,0.1253305,-0.006704765,-2.642485,-0.000385334,0.2322175,-0.01078585,0.1667205,0.01187755,0.102026,-2.80613,0.1539015,0.144503,-0.0009272325,-0.009812095
"S281",-0.321447,4.85613,-0.08349555,0.0039047,0.2307875,-0.04394305,0.61508,-0.00207038,0.0791697,-0.008406615,0.4108305,0.005707115,0.02015175,3.26145,0.0431034,0.274217,-0.00312444,-0.00569881
"S282",-0.1903135,3.02282,0.03067185,-0.0293073,0.424496,-0.08217285,6.398045,0.03465355,-0.679136,-0.0121331,0.407648,0.0100163,0.007097045,0.4720125,0.03771785,0.5307505,-0.00118002,-0.0181645
"S283",0.6799325,3.97868,2.06448,0.0914636,-0.890216,0.07346605,15.5215,0.0678944,-1.476755,0.03443555,-1.43438,-0.02297105,-0.492755,8.23887,-0.962824,-0.5395515,0.007376185,0.00243163
"S284",-0.112884,-6.29339,-0.7835695,0.01396795,-0.1836565,0.0145319,-2.835265,-0.0132821,0.386506,0.0256834,-0.5221755,-0.0295727,0.0575564,-0.887056,0.05744995,-0.7459545,0.001234825,0.03293055
"S285",0.683104,0.9445595,1.71717,0.068115,-0.6637625,0.05325695,-4.062555,-0.00562296,0.351023,0.01553635,-0.3557995,-0.0147624,0.07095005,-1.86305,0.05561595,-0.4646,0.00148264,0.0218941
"S286",-0.817201,1.445525,-1.55669,-0.01305465,0.159901,-0.008842385,-1.50936,-0.001964325,0.122458,-0.006151035,0.185183,0.00596941,0.04599205,-0.205803,0.058707,0.0328513,0.00284733,-0.00885513
"S287",-0.03964095,2.607305,0.143255,-0.03107375,0.317539,-0.0330405,4.9809,-0.00378307,-0.227881,-0.009740425,0.391582,0.006870475,0.153224,-2.249815,0.271642,0.528906,0.001145075,-0.0248275
"S288",0.2104015,-10.9451,-0.6491615,0.01023735,-0.1987565,0.01781625,-6.34696,0.0006955365,0.429996,0.009470915,-0.121195,-0.0105915,0.3136935,-4.43309,0.564739,-0.363134,1.93732e-06,0.0229962
"S289",-0.5434155,7.690275,-0.2102465,0.04758225,-0.481753,0.0429388,-1.362355,0.007097335,-0.003541705,-0.00429101,-0.2848255,0.01273625,0.0913769,-0.558592,0.1093035,-0.153032,-0.00127733,0.0153403
"S290",-0.1852855,8.553195,0.3083385,-0.03223905,0.399689,-0.0353654,3.64599,-0.0122718,-0.007156285,-0.015101,0.2739235,0.017728,-0.255747,6.15435,-0.390625,0.3713145,-0.000405311,-0.0215818
"S291",0.4847185,-0.866399,0.9562905,0.0133793,-0.2318375,0.01503055,-5.96291,-0.004280175,0.234413,0.0273109,-0.5779215,-0.0303603,0.1669635,-4.4158,0.1626775,-0.8711015,0.000872259,0.05066845
"S292",-0.8520965,1.827495,-1.805985,0.0205128,-0.109359,0.001388115,0.436333,0.02178445,-0.238442,-0.001386665,-0.1555755,0.00590355,-0.01050535,0.8494995,-0.0173613,0.08143165,0.00500293,-0.007735025
"S293",-0.163883,-5.92775,-0.868357,0.0570336,-0.3494775,0.005050985,-4.314295,0.01560395,-0.240215,0.02393815,-0.492838,-0.02668885,-0.0746103,-2.64286,-0.2071495,-0.691476,0.000299536,0.0391481
"S294",-0.558115,3.125185,-0.9662065,-0.00968051,0.249248,-0.023259,1.61304,-0.00346728,0.05758595,-0.00973955,0.1576505,0.01278115,0.08722145,0.617377,0.201036,0.3132385,0.00032288,-0.01337205
"S295",1.282955,0.111602,3.19752,0.0271596,-0.2610725,0.00521425,-3.685015,-0.00840395,0.4847735,0.00203583,0.07911335,-0.00400908,0.208864,-4.06759,0.3214015,-0.2563225,-0.001876105,0.02273245
"S296",-0.7876865,-1.657845,-1.756685,-0.01075,0.2481785,-0.0419853,-4.54933,-0.004899665,0.3549465,-0.006602335,0.256915,0.00469476,0.1216485,-0.241659,0.260909,0.153359,-0.00147636,-0.001473725
"S297",0.145539,-8.44707,-0.47245,0.01946345,-0.10693,-0.0130023,-7.126725,0.001120405,0.2467725,-0.007230905,0.06839155,0.009561795,0.06850395,-3.92309,0.03786705,-0.308949,-0.00086277,0.01845675
"S298",-0.6081545,6.449795,-0.959152,-0.0206678,0.345424,-0.0545281,2.07739,0.00250603,0.06015245,-0.0138185,0.42774,0.0128384,0.06192095,-1.641775,0.1040805,0.553437,0.001204075,-0.03497805
"S299",-0.575795,8.57791,-0.0215077,-0.0332594,0.1872345,0.00268057,1.524575,-0.01695825,0.20054,-0.007872345,0.1403905,0.0106769,-0.153031,9.508585,-0.17747,-0.1413315,0.0007870755,0.00477405
"S300",0.2456725,1.05098,0.5739915,-0.0222783,0.2474085,-0.0165635,8.372285,0.0100564,-0.6097745,-0.00625015,0.0894123,0.007973085,0.07280705,-1.491585,0.0503908,0.232677,-0.000538229,-0.0194919
"S301",0.4507545,6.313995,1.82681,-0.0228911,0.1629425,-0.00664571,-2.0668,-0.00472279,0.448536,0.0060632,-0.07986725,-0.006990525,0.0421702,-0.110826,0.0370056,-0.339372,-0.003240235,0.02376695
"S302",-0.537748,-1.553335,-1.0954,0.02453695,-0.3885425,0.02862995,-2.80887,-0.0124567,0.3440555,0.021274,-0.4464085,-0.023271,0.02290885,-2.248695,0.0262141,-0.3276195,0.000190905,0.0071906
"S303",0.3505225,-0.4609775,0.498673,-0.01773095,0.2026535,-0.02888725,-2.315145,-0.002469295,0.299204,-0.00559765,0.1579815,0.004453695,0.05487915,2.054085,0.169385,0.22411,-0.003974705,-0.00586471
"S304",-0.355052,3.64842,-0.4465895,-0.002598935,0.00125576,-0.00243455,-0.5493125,-0.01349445,0.1893245,-0.0100095,0.2827215,0.00990712,-0.0790209,1.818565,-0.1518385,0.4564485,0.00220601,-0.0263137
"S305",-0.340401,6.301455,0.107617,-0.02012875,0.219092,-0.01931515,7.90173,0.00126084,-0.475942,-0.01228495,0.289711,0.0119452,-0.05893725,3.48217,-0.1251165,0.4089605,0.000148791,-0.02400475
"S306",-1.271595,7.024005,-2.4909,-0.04439415,0.425913,-0.0367146,1.05222,-0.01024185,0.151213,-0.008634055,0.374932,0.00513418,0.12263,0.3614145,0.235613,0.3296285,-0.003072115,-0.009324385
"S307",-1.22887,11.87145,-2.057075,-0.03108705,0.363206,-0.02329035,-1.261385,0.000846693,0.0691183,-0.014396,0.2911855,0.017689,-0.02821735,5.103835,0.02158795,0.150239,-0.0001438765,-0.00359266
"S308",-0.3283695,-1.91174,-0.831808,-0.01516865,0.200353,-0.00968317,2.46308,-0.0092068,-0.0128289,-0.00819475,0.337054,0.008148295,0.07208225,-3.2674,0.07035895,0.3163915,-0.003727375,-0.0146551
"S309",0.3309355,2.0073,0.800579,0.02349165,-0.31557,0.02459875,-0.3124075,-0.003863475,0.0365137,0.0162398,-0.370051,-0.0165844,-0.1222995,-1.37671,-0.227544,-0.33342,0.00369625,0.00294466
"S310",0.553869,1.33942,1.42111,0.00122527,0.06530655,-0.00909717,-1.35951,0.003997655,-0.04928895,-0.0140853,0.312031,0.0160878,0.08482275,-2.865025,0.120874,-0.2349325,-0.0002784755,0.0187111
"S311",-0.125894,3.172995,0.02480445,-0.0374493,0.49235,-0.0613559,5.233785,-0.01641625,0.0390164,-0.00897492,0.5503315,0.00334823,-0.132622,4.372415,-0.251693,0.6351265,-0.002730945,-0.0307701
"S312",0.3176345,6.295955,1.01011,0.01811305,-0.3864275,0.0525398,-4.684675,0.006105625,0.09488435,0.009481515,-0.37537,-0.00593569,0.0820435,-1.969205,0.0880779,-0.463784,0.00305375,0.01206375
"S313",-0.5731775,0.288289,-1.11532,-0.0199199,0.184472,-0.003815545,-3.39157,-0.00156968,0.1762645,-0.003912595,0.0432509,0.0044577,0.117377,-1.71831,0.2319805,0.10741,-0.002303675,0.00657777
"S314",-0.0743514,-4.441005,-0.5834865,-0.01172915,0.220926,-0.03263445,-2.880365,0.009792465,0.09081225,-0.01193105,0.342328,0.0121456,0.1893115,-1.046915,0.4484565,0.02912455,-0.000544191,0.01045675
"S315",0.746526,-2.26679,1.208015,0.0391662,-0.1635145,-0.009851105,-5.238135,0.00605336,0.08957245,5.70056e-06,-0.03092935,0.001450145,0.08033145,-2.793445,0.09012455,0.08336965,0.001636275,0.00496401
"S316",0.06178145,-3.40022,-0.1261885,-0.00760685,0.3053355,-0.0369849,9.205165,0.002615135,-0.514173,-0.0133302,0.4407835,0.0111444,0.0146154,5.56431,0.1559435,0.7130145,0.0007048945,-0.02808155
"S317",0.767637,-6.575015,0.8118715,-0.01246575,0.236775,-0.02167925,-2.6646,-0.001983265,0.064895,-0.008868025,0.1257105,0.01314545,0.00952584,-1.01243,-0.01634945,0.137624,0.00115808,-0.00435944
"S318",0.5195145,-4.81807,0.4677875,0.0518389,-0.605223,0.07675385,-1.09194,0.01518475,-0.0989236,-0.009521115,-0.387178,0.0223961,-0.007795215,-3.99602,-0.01872145,-0.5374775,0.00824076,-0.000611634
"S319",-0.801045,11.05775,-0.627153,0.02821055,-0.3427565,0.03655155,8.03885,0.01420205,-0.472742,-0.00808608,-0.06504515,0.01210965,-0.1661745,11.16895,-0.1010315,0.0546821,0.0009112445,0.001441095
"S320",-1.069375,3.77398,-2.10405,-0.02110885,0.4454185,-0.0436563,6.395345,0.003774135,-0.38943,-0.007942865,0.291416,0.00558428,0.0261696,3.122965,0.06031535,0.4123955,5.323015e-05,-0.01642615
"S321",-0.2594255,0.712598,-0.2622615,-0.01585435,-0.08548615,0.0218527,2.01308,-0.000884708,-0.0426771,0.01923045,-0.2845065,-0.0238117,0.03663365,-0.0744552,0.03250865,-0.5641455,0.002290045,0.02331215
"S322",0.392691,-9.798685,-0.1566325,0.02327095,-0.209716,-0.0157018,-3.008245,-0.00417828,0.110348,0.00685505,0.105063,-0.01373735,-0.0386434,-3.969585,-0.07452815,-0.078057,-0.00632528,0.00835773
"S323",0.1614355,1.35412,0.4928915,-0.0814619,0.510563,-0.00129895,-0.154891,-0.01292905,0.278336,0.000119827,0.1389525,-0.003064565,-0.1629445,2.872505,-0.3448715,0.267919,-0.004622645,-0.0100903
"S324",-0.5889905,5.680875,-0.7571675,0.0214008,-0.1089285,-0.000488311,2.53445,0.01154235,-0.162243,-0.00380566,-0.0166845,0.00558287,0.075904,0.944885,0.162273,-0.183988,-0.0009372025,0.0293012
"S325",0.704248,-6.103175,0.640663,0.0422181,-0.5969235,0.07341815,-4.448695,-0.003192115,0.332295,0.03655565,-0.6749035,-0.04130995,0.1035365,-5.010645,0.07479755,-1.240295,0.00112945,0.06204795
"S326",-0.47044,0.3894065,-1.054465,-0.0524511,0.234391,-0.0162645,-2.66227,-0.0002785425,0.228022,-0.0160044,0.445771,0.01528475,0.0593043,-2.43948,0.02761365,0.0808313,-0.0026655,0.002254745
"S327",0.369777,-9.57652,-0.155996,0.0113129,-0.300436,0.03102475,-7.809165,-0.00697637,0.3081545,0.001747685,-0.346545,0.004116195,0.06655815,-6.996155,0.0160114,-0.409834,0.000730497,-0.00150555
"S328",-0.4007345,5.120805,-0.3540585,-0.03059915,0.4161565,-0.0422835,4.539615,-0.0274406,0.09505,-0.01294285,0.323677,0.01314995,0.123111,3.894315,0.327328,0.6853855,8.86479e-05,-0.0316133
"S329",-0.08891075,8.950445,0.43789,0.0870524,-0.798886,0.06525385,1.70726,0.01228,-0.246903,0.01397635,-0.446618,-0.01191955,-0.151622,1.92777,-0.267366,-0.6745025,0.005582815,0.005955365
"S330",-0.4421385,7.10053,-0.228704,-0.03712425,0.171068,-0.0007235405,6.572375,0.0084676,-0.3368155,-0.00905454,0.264296,0.008119205,-0.03582015,2.80584,-0.03149155,0.4002665,4.689325e-05,-0.01922355
"S331",-0.9911675,4.698355,-1.666235,-0.05660825,0.4536605,-0.0239576,6.1084,-0.02110325,-0.1061625,-0.00725501,0.333796,0.004273465,0.0640036,-0.284014,0.1671425,0.5469065,-0.0012867,-0.0203874
"S332",-0.901687,4.817985,-1.69356,-0.00514096,0.0204466,0.004689275,4.085115,-0.00171274,0.141398,-0.0126358,0.2295765,0.01551445,-0.02994605,1.75215,0.00979943,0.1743615,0.00145789,-0.0142725
"S333",-1.1301,3.282325,-2.68794,-0.0280379,-0.1321265,0.0453988,3.410465,-0.00357458,-0.1198575,0.00372963,-0.158692,-0.0024654,0.03951205,5.229425,0.156811,-0.4758245,0.00155605,0.03160115
"S334",-0.22578,6.15764,-0.0147166,0.03073655,-0.2652515,0.00999907,4.80454,0.0127488,-0.3000905,0.006831805,-0.327146,-0.003168135,0.0322878,-2.71031,-0.0136322,-0.2130695,0.00253418,-0.000250278
"S335",-1.478595,7.022175,-3.111725,-0.01016255,0.1629495,-0.02755875,-4.34492,0.001394155,0.167651,-0.0151352,0.340621,0.0165777,-0.08830225,3.79133,-0.1020055,0.3525885,0.0009506515,-0.02208115
"S336",-0.4442805,2.721085,-0.7829825,-0.0310003,0.34076,-0.0196846,-0.770781,-0.0142036,0.107329,-0.005188495,0.0134248,0.007517855,-0.110952,4.86575,-0.02510795,0.2418765,0.000199146,-0.0055024
"S337",0.5985975,5.12297,2.069125,0.01918015,-0.2102875,0.006201105,-0.3750305,0.00184229,-0.159988,-0.00962594,0.0375382,0.01515615,0.03790235,2.287895,0.0751186,-0.114635,0.00043948,0.01513215
"S338",0.967628,1.562835,2.566155,0.0341234,-0.172438,-0.00243858,-4.57392,0.00546329,0.133885,0.01324335,-0.224978,-0.01565765,0.006583645,-2.59784,-0.0359538,-0.3450615,-0.002135205,0.0229721
"S339",-0.2364125,-5.732435,-1.09333,0.0154727,-0.2219525,0.02409925,-4.094525,-0.005559135,0.3274315,-0.005196325,0.0133727,0.00661876,0.00337479,-0.6007355,0.01278885,-0.265555,0.002575175,0.00863155
"S340",1.01386,-5.27831,1.60381,0.0274697,-0.3692125,0.045108,-6.13426,-0.002664735,0.2784695,0.0216186,-0.479237,-0.02363665,0.1799055,-5.63019,0.229856,-0.902644,-0.001510595,0.05986235
"S341",-0.1586385,6.52256,0.438892,-0.04372625,0.3624025,-0.02507195,-0.3127445,-0.00528301,0.198048,-0.002772765,0.24085,-0.0006157915,0.141992,1.70259,0.272005,0.3398835,-0.00157099,-0.002908255
"S342",0.3816555,-3.979575,0.363718,-0.005856115,0.1190185,-0.01789325,3.94389,-0.007248675,-0.1996605,-0.00454348,0.190565,0.002758525,-0.0494048,2.89288,-0.050358,0.4433875,-0.001926385,-0.0123937
"S343",-0.09851245,-2.178405,-0.3412115,-0.003306205,0.136876,-0.0004248225,-0.582092,-0.0167308,0.2992065,0.0159164,-0.2303475,-0.0194392,-0.04253625,-4.31581,-0.1570635,-0.05856525,-0.001756625,0.01077865
"S344",-1.063035,3.16977,-2.410725,-0.04182935,0.239002,0.007224,-1.16037,-0.007975975,0.187893,-0.01279845,0.2963095,0.01374525,-0.14875,2.329985,-0.2318835,-0.0271183,0.00174646,-0.00350539
"S345",0.386789,-2.61376,0.5216375,-0.01615115,0.3142945,-0.05096155,3.634105,0.008207385,-0.2611045,-0.011862,0.286065,0.01217895,0.06968065,-0.5226105,0.1016745,0.380091,0.0001207975,-0.01521735
"S346",-0.152542,-0.551159,-0.414469,-0.0579083,0.375773,-0.004523785,5.30395,0.006364785,-0.30776,-0.00903251,0.3416105,0.007168025,0.00216093,1.23705,0.006805545,0.406213,-0.004904995,-0.00360324
"S347",-0.5245395,2.769885,-0.890507,-0.0310334,0.3679425,-0.0400202,-2.538025,-0.0063959,0.2831495,-0.008337325,0.215448,0.007541855,0.1060135,1.74492,0.233345,0.528501,0.00117231,-0.03444665
"S348",0.365614,0.809369,0.936399,-0.032078,0.2136575,-0.00256575,5.188985,-0.00142121,-0.2679565,-0.00118186,0.1989905,-0.00188435,0.0903103,4.502315,0.307366,0.6060475,-0.0002937895,-0.024369
"S349",-0.162155,-1.68509,-0.3538475,-0.02238065,0.31201,-0.02643285,-1.04037,-0.004199075,0.1804685,-0.006201105,0.192548,0.00617688,0.05289675,0.1600105,0.112278,0.3559435,-0.000933313,-0.01377985
"S350",-0.242121,8.59336,0.275634,-0.0114581,-0.0463117,0.0148986,4.001005,0.005661545,-0.400214,0.00313936,0.03154805,-0.004972695,0.000812534,-0.404165,0.0182975,0.106772,0.000964874,-0.00962415
"S351",0.4965515,-1.46909,0.724012,0.03999295,-0.2673465,0.00626664,0.456083,0.01546185,-0.246572,0.003061165,0.02644965,-0.005715445,0.1519815,-2.34476,0.2547235,-0.559463,-0.0008390795,0.0338487
"S352",-0.788187,1.721115,-1.3753,0.005022695,-0.01585755,-0.008825955,-2.182535,-0.00685337,0.1753765,-0.0003295045,0.0991814,-0.000371253,0.02931205,-1.858935,0.01802335,0.314776,-0.00568566,-0.00429471
"S353",-0.0933151,-4.38481,-0.655402,-0.01801855,0.2484645,-0.0328648,-1.028935,0.00604524,0.0244362,0.002080505,0.220311,-0.00764972,0.1038075,0.1207275,0.251586,0.4169855,-0.001871835,-0.01802825
"S354",-0.0437715,-3.83956,-0.4905275,0.02720895,-0.315672,0.0225403,-3.98137,0.01288225,-0.122698,0.01774555,-0.3778495,-0.0203266,0.0450318,-1.19403,0.1028885,-0.536126,0.0003836225,0.03020855
"S355",0.1451035,-5.312555,-0.18947,-0.0051418,0.0857602,-0.01453615,-2.105705,-0.002314445,0.2201715,-0.00540886,0.1687015,0.004334815,0.1733995,-4.12973,0.242275,-0.486788,-0.00156275,0.03814085
"S356",-0.647643,2.725145,-0.9593235,-0.04114695,0.311143,-0.001337805,11.1244,0.021694,-0.6464025,-0.01662775,0.376125,0.018205,-0.185379,4.432435,-0.284087,0.3352545,0.0001740015,-0.02314505
"S357",-0.472402,-8.029295,-1.7614,-0.01932975,0.00440345,0.0120317,-1.473165,-0.004447405,0.1641245,-0.0141014,0.1240265,0.0187506,0.06738225,-2.085295,0.07646695,-0.0005674815,-0.00240113,2.70249e-05
"S358",-0.4085525,1.238215,-0.679813,-0.005276255,-0.01440175,3.47752e-05,0.7565465,0.002437225,-0.128541,-0.00597189,0.294041,0.00481243,-0.08446755,2.78985,-0.109686,0.0270895,-0.002704945,0.005839485
"S359",-0.3465485,9.76633,0.17967,-0.0105626,0.1244615,-0.0081968,1.80515,0.00046491,0.003567615,-0.005208825,0.0928014,0.005461675,0.1252495,0.554374,0.2621275,0.273182,-0.00137784,-0.001312915
"S360",0.07179985,3.464705,0.5818185,0.03535755,-0.36953,0.007993145,4.44573,0.01012265,-0.6100775,-0.003327855,0.084401,0.003078345,-0.2856605,5.00245,-0.490807,0.11059,0.00130188,-0.00731963
"S361",-0.1905035,-8.06487,-1.191805,-0.02428595,0.1833255,-0.00669525,-1.53564,-0.005686905,0.3331725,-0.007976345,0.379812,0.003819855,0.04425145,0.362171,0.1130835,-0.01646255,-0.00107709,0.01330595
"S362",-0.585207,14.18515,-0.001860035,-0.00284068,0.09639605,-0.003118265,1.279225,-0.0285601,0.313971,0.00871003,-0.1465965,-0.0102731,0.0342487,0.4120725,0.05330755,-0.5271525,-0.0009779835,0.028702
"S363",0.2091585,0.712545,0.2976595,0.1345145,-1.24481,0.1105685,-2.34151,-0.0006746225,0.138841,0.019274,-0.796002,-0.0135085,-0.0423238,-2.330065,-0.07575075,-1.065505,0.001848125,0.04764575
"S364",0.43347,-8.132745,0.00542475,-0.02313975,0.01195625,0.01375335,-5.32383,-0.00240684,0.335728,-0.00784039,0.18142,0.00828307,-0.1198495,-2.46671,-0.243202,-0.198122,-0.002390255,0.02020925
"S365",0.7613265,1.06528,1.898565,0.03539745,-0.206428,0.00155372,-2.3007,0.02160895,-0.2965795,0.003917345,-0.1522425,-0.00156559,0.03451335,-5.880015,-0.00119181,-0.1336935,-0.002108665,0.00778725
"S366",0.0549627,1.777455,0.3360435,-0.01466305,0.2509775,-0.026696,-3.76381,-0.002748835,0.333734,0.003844215,0.00658039,-0.006115295,0.06653405,-0.06987055,0.07572515,0.08974735,-0.00464512,0.005420305
"S367",-0.1917965,1.658975,-0.0180138,-0.03000885,0.415665,-0.03192795,-0.3297985,-0.008385675,0.163019,-0.02206345,0.466188,0.02510615,-0.136163,5.71745,-0.1558535,0.5002085,-0.000568826,-0.03083665
"S368",0.3899415,-7.466785,-0.0328756,0.002586685,-0.1880395,0.0180884,-2.438385,0.005011375,-0.1917415,0.00323304,-0.0738254,-0.003081145,0.13971,-1.93904,0.2316425,0.1281625,0.000147106,-0.002582395
"S369",0.823364,-1.393735,1.96623,-0.025568,0.1872715,-0.01721215,-4.32158,0.0006162805,0.0440532,0.00873,-0.0901275,-0.0106612,0.0243435,-4.198085,-6.83237e-05,0.3648905,-0.002303105,-0.00982851
"S370",1.08966,3.136105,3.16953,0.0033366,-0.08176945,-1.409705e-05,-0.6981775,0.0145832,-0.3441395,0.0067167,-0.124335,-0.00737473,0.1043315,-4.111825,0.1386825,-0.0262898,-0.008705095,0.0243456
"S371",0.5358155,-1.087545,0.7541285,-0.0313764,0.3044705,-0.0237441,-2.60753,-0.00431725,0.1642015,-0.00952301,0.2293645,0.01054145,0.0538689,2.443185,0.1129745,0.354834,-0.000680862,-0.008828845
"S372",-0.09933285,-3.878045,-0.3978125,-0.03309355,0.1838775,-0.0009419325,-1.5126,-0.009012345,0.3406995,-0.009731985,0.202797,0.01128045,-0.06302205,-0.8542035,-0.1469285,0.2587875,-0.001100775,-0.00826527
"S373",-0.1193125,6.31385,0.3391975,-0.01085035,0.0558939,0.008421975,0.6653795,-0.00187902,0.07748265,-0.009501145,0.0885989,0.0128203,-0.0320841,1.42766,-0.0124812,0.04734055,0.00088731,-0.0108871
"S374",0.4567605,3.397755,1.423545,0.103039,-1.201485,0.146068,-3.16627,-0.00506351,0.2535705,0.01312395,-0.3535885,-0.01320515,-0.147204,-2.904745,-0.313252,-0.702066,0.004302225,0.01171395
"S375",0.293721,1.864215,0.996548,-0.02739775,0.1086235,-0.000964612,3.04415,0.001784425,-0.1847625,-0.008709295,0.2069195,0.00754622,-0.08123625,3.055685,-0.0744609,0.404245,0.0002329095,-0.0222027
"S376",0.0155113,-4.298935,-0.2169835,-0.03963805,0.210128,-0.00685677,-2.056615,-0.003117365,0.107622,0.00430931,0.0885579,-0.00819176,-0.03818875,0.950203,-0.0791609,0.10787,-0.002229155,0.00490201
"S377",-0.01876905,0.8522355,0.07145955,-0.007457675,-0.0509585,0.012781,-3.34193,-0.0114241,0.2671745,0.00323802,-0.04191855,-0.00349712,0.132655,-0.9976895,0.273464,-0.000313542,-0.00404029,0.0180715
"S378",0.5553265,-5.56193,0.5319785,0.0835175,-0.930927,0.0980793,-4.003295,-0.00576849,0.2673,0.02008655,-0.4446505,-0.0218328,-0.13822,-2.08076,-0.2850965,-0.5453375,-0.00174935,0.03306995
"S379",-0.827779,-1.93262,-2.18594,-0.0297877,0.241637,-0.02200985,-4.33352,0.00579269,0.1918255,-0.00807343,0.33108,0.004558045,0.15272,-2.846695,0.274723,0.2469755,-0.002190255,-0.009814045
"S380",0.3062325,-2.04608,0.4915815,-0.0198326,0.3815065,-0.03206225,-0.5739695,0.008695495,-0.233715,-0.0156741,0.3109345,0.01674995,-0.008189495,0.7864045,-0.00536782,0.53288,0.00354946,-0.0369718
"S381",0.119359,1.333095,0.374839,0.00846418,-0.09733625,0.000903579,3.02674,0.03051355,-0.5834695,0.00870337,-0.102339,-0.0126503,0.1379435,-7.909695,0.0954101,-0.194766,-3.09262e-05,0.002328075
"S382",0.593259,-10.08425,0.1036175,0.0227776,-0.08267815,-0.000843706,-4.76915,-0.00704877,0.2418495,0.0152434,-0.432428,-0.01388075,-0.138146,0.4955805,-0.2250765,-0.2370485,0.008123405,-0.01166805
"S383",0.5471205,-4.342395,0.50162,0.038975,-0.4211845,0.0244442,-2.11722,0.001174445,0.104367,0.006918045,-0.573543,0.001018425,0.053346,1.485645,0.115002,-1.022465,0.008006055,0.0357141
"S384",-1.33695,11.5846,-1.843895,-0.02717125,0.2349495,-0.001157955,-3.01198,0.000546717,0.1661185,-0.01806015,0.137268,0.0245351,-0.312746,8.547545,-0.4365175,0.5607985,0.00299711,-0.0404827
"S385",-0.10635,8.240055,0.4620905,0.01108845,-0.0243729,-0.001568585,-1.52444,0.0108995,-0.1712065,0.0066465,-0.118783,-0.008631025,-0.0582906,-0.564391,-0.113752,-0.1865135,-0.000806445,0.01083675
"S386",-0.0842918,1.503545,-0.0308127,-0.01606635,0.2018275,-0.006196095,3.80342,0.021814,-0.4777235,-0.007482145,0.05559045,0.01063835,0.1198785,-0.890628,0.2199845,0.1858515,0.000424924,-0.01547975
"S387",1.23258,-6.024015,2.23064,0.006458985,0.05930985,-0.01126875,5.906495,0.0258845,-0.5963815,-0.00358267,0.06978075,0.002976435,-0.0248206,-1.985445,-0.03952915,-0.1718865,-0.00114129,0.006720085
"S388",0.311525,2.658675,0.8230575,-0.02240905,0.175514,-0.01550025,4.176825,0.001642525,-0.303418,-0.00447368,0.2282185,0.0007553155,-0.05821655,-0.3519545,-0.135808,0.239069,-0.00296094,-0.01095815
"S390",1.46909,-2.931235,3.347235,0.005997635,-0.102497,0.003146085,-0.269727,0.00743311,-0.1639525,0.004514665,-0.107759,-0.006257705,0.159835,0.428923,0.37043,0.2583415,0.00221943,-0.0166579
"S391",0.416751,-3.219205,0.4825965,0.00362793,-0.1581475,0.0170984,3.65474,0.00777076,-0.3447965,0.0007400385,-0.0784803,0.000334352,-0.0406151,-0.467295,-0.09999245,0.2777785,-0.00209688,-0.016209
"S392",-0.02877905,-8.1031,-0.6545915,-0.008721295,0.1233625,-0.01284105,-2.32067,-0.004946265,0.3129935,0.00369705,0.04294995,-0.00725241,-0.116126,-0.9607775,-0.2438275,0.1183685,0.0006171565,-0.01972695
"S393",0.042051,-4.20446,-0.287571,-0.01136215,0.123251,-0.009095355,-4.886735,-0.001340165,0.1508745,-0.006015165,0.1343825,0.004272525,0.0973752,-4.48543,0.140745,-0.1975645,-0.005611305,0.01314375
"S394",0.1324095,-1.96575,0.0578259,0.00202862,0.00669012,-0.00959543,0.247436,0.00159472,-0.07228185,-0.00109255,0.221153,-0.004681505,-0.0701045,-2.643145,-0.157005,0.173058,-0.00130475,-0.00752573
"S395",0.9326385,0.05001705,2.36101,-0.01659475,0.2294505,-0.025536,-1.980185,0.003064545,-0.05976315,-0.005562195,0.2036675,0.004288675,-0.05212285,-1.35798,-0.1241205,0.282536,-0.003336705,0.00111381
"S396",-0.10803,4.752255,0.1831635,0.006887855,-0.1763425,0.006226525,0.6201845,0.00645707,-0.247561,-0.00965818,0.0784985,0.01423955,-0.09851795,1.81429,-0.1299155,0.3077165,0.00274956,-0.0180299
"S397",-0.466477,0.7550555,-1.102345,0.0212877,0.113041,-0.0271571,-2.187225,0.004930935,-0.165994,-0.0129392,0.24485,0.01358165,-0.045552,1.99321,-0.0232528,0.3849385,-0.0004648745,-0.0143615
"S398",0.172486,-2.703295,-0.02375195,-0.018572,0.111628,-0.00537245,1.411545,-0.00480253,-0.05680205,-0.0107741,0.20765,0.0127717,0.0301679,0.649691,0.008393215,0.0363756,-0.001463255,0.008387075
"S399",0.066423,1.84054,0.119827,-0.0144699,0.1107345,-0.01002655,-1.85437,-0.001713635,0.01748895,0.00368495,-0.1435435,-0.00392939,0.0939263,-2.55916,0.131126,-0.2049635,-0.00238984,0.0174028
"S400",0.2218475,-8.6113,-0.2884195,0.02191935,-0.305057,0.0235538,-5.98131,-0.00624721,0.4558085,0.0078051,-0.221715,-0.006561675,-0.0442211,-6.733,-0.181475,-0.1382695,0.000848771,-0.0129699
"S401",0.0200295,-3.46852,-0.2100995,0.0679175,-0.7683485,0.0749207,-1.44053,-0.003226645,0.0173757,0.0176934,-0.4471795,-0.017551,-0.1227495,-6.4262,-0.3179765,-0.819489,0.00367618,0.0118657
"S402",0.169912,1.071325,0.7719425,-0.003473085,-0.03298925,0.00193254,3.48462,-0.01022735,0.05808255,0.0169088,-0.2282395,-0.01996305,0.1516255,0.746614,0.293575,0.0448553,0.0003147695,-0.003239215
"S403",0.152196,2.12664,0.1989865,0.1098355,-0.8348675,0.0394948,-4.644575,-0.00212897,0.2066955,0.0330698,-0.7319265,-0.0341503,0.03937125,-5.90485,-0.019391,-0.3708075,-0.005013845,0.03335405
"S404",0.591509,-9.55455,0.2195985,0.1113,-1.29422,0.14907,-3.93534,0.009354995,-0.109577,0.03320865,-1.06605,-0.0288388,0.0111708,1.87967,0.0503523,-1.476205,0.005357135,0.0712666
"S405",0.1195895,0.180717,0.307019,0.0502678,-0.418043,0.0273234,-3.283715,-0.004519725,0.2589985,0.01445015,-0.4964745,-0.01087355,0.0177336,2.34517,0.08873565,0.03392955,0.0011623,-0.01061695
"S406",0.493246,-10.5309,-0.05825755,0.00710494,-0.0162588,-0.00314288,-4.9713,0.000670369,0.138544,0.003019125,0.1463615,-0.007491265,0.121514,-5.75506,0.135825,0.0662427,-0.001593165,-0.000153974
"S407",-0.1143155,6.65083,0.6273615,0.01536365,-0.271606,0.030484,5.397425,0.0247825,-0.460902,-0.005292695,-0.1860645,0.01258405,-0.2462685,3.67727,-0.4918615,-0.399633,0.000671692,0.0123182
"S408",-0.563665,13.7912,-0.004462365,-0.0361768,0.350011,-0.01910595,7.030565,0.003979645,-0.217007,-0.02876425,0.3979165,0.03521235,0.0319783,0.8995515,0.0287367,0.426403,0.002899535,-0.03281105
"S409",0.6793955,-0.726825,1.532275,-0.03519165,0.169998,6.685735e-05,1.63593,8.839065e-05,0.0254354,-0.008017535,0.2286305,0.008583455,0.0355568,-0.4349215,0.03970185,0.4649905,-0.000168547,-0.0227889
"S410",-0.02262955,1.525655,0.1821035,-0.006618565,0.07320075,0.0005234785,-1.11348,-0.00960799,0.1562095,0.009309975,-0.2451265,-0.00773566,-0.07138935,-1.663385,-0.1739485,0.161223,-0.00116867,-0.009528885
"S411",0.9096815,0.3926035,2.4809,0.03356385,-0.485437,0.0400481,-2.983565,0.00310908,0.0392392,0.00493729,-0.282147,-0.002388155,0.1028935,-1.45965,0.1893055,-0.5369405,0.001045255,0.0243547
"S412",-0.02487925,-7.6876,-0.701808,0.03736275,-0.3356545,0.002566965,-0.7539045,0.04612745,-0.63713,0.01441225,-0.1755405,-0.02009335,0.123774,-3.3617,0.1193995,-0.2464765,-0.001590175,0.0259526
"S413",0.1244925,-2.062635,0.0232164,0.02109855,-0.354489,0.03918245,2.48502,0.00651435,-0.4062655,-0.01192355,-0.02082475,0.01781235,0.005890565,1.141555,0.04248685,-0.5861265,0.002808215,0.01957205
"S414",1.170195,-2.366085,2.720205,0.04117985,-0.4854035,0.04901335,-1.68603,0.01049655,-0.0948801,0.0197877,-0.5842365,-0.01849525,0.0144759,-1.665705,-0.02945985,-0.5952935,0.004280885,0.0173228
"S415",0.468165,-2.20823,0.824247,0.07764345,-0.990672,0.1130425,-3.915185,-0.0008347865,0.06125655,0.0433547,-1.257975,-0.0404101,0.00565317,-5.42945,-0.07725505,-0.907957,0.006065875,0.0260965
"S416",0.4660545,-5.73735,0.426951,0.0697414,-0.6847395,0.0474412,-4.52093,0.00310931,0.0688813,0.007147085,-0.4455955,-0.002446415,-0.09072375,-0.434073,-0.1169595,-0.8702255,0.0006487265,0.03367705
"S417",0.711552,-1.397575,1.60605,-0.00425276,0.172392,-0.0220207,6.058015,0.00333459,-0.3195645,-0.003094255,0.2383125,-0.000102652,-0.1118135,3.321665,-0.0992311,0.2622975,-0.00149292,-0.006030825
"S418",-0.0709689,2.859915,0.2569525,-0.01405085,0.04299805,0.00948271,0.53487,-0.0111652,0.1706885,-0.000930245,-0.119762,0.00340143,0.0797485,-3.14876,0.1166895,-0.4484105,0.0004959285,0.0229217
"S419",-0.7943035,7.61377,-0.642119,-0.02517765,0.34863,-0.0188207,5.260235,-0.003510275,-0.0762891,-0.0218516,0.380618,0.02467235,-0.176025,5.75375,-0.3032995,0.6140605,0.003755,-0.04463575
"S420",-0.8647595,1.39784,-1.817055,0.0356096,-0.4730345,0.06974595,-3.24713,-0.000299259,0.1476015,0.004751675,-0.4702505,0.0019575,-0.2798365,4.346885,-0.4320985,-0.640361,0.0107056,0.01161825
"S421",0.034751,-1.81587,-0.03165915,-0.0237661,0.188234,-0.01275615,1.779965,-0.00162915,-0.2866605,-0.0004674795,0.154794,-0.002957085,-0.122154,1.84202,-0.2788315,0.01122305,0.00224074,0.0009487975
"S422",-0.6529375,11.3743,-0.0599459,-0.06223845,0.5163445,-0.0437049,10.1628,0.0141798,-0.5888025,-0.013732,0.3201325,0.0154153,0.110302,1.439885,0.3006555,0.74064,0.000425184,-0.0341237
"S423",0.94574,-1.29032,2.21943,0.03010845,-0.2886335,0.0172807,-1.28946,0.008859335,-0.173901,0.01707985,-0.5373625,-0.0154381,-0.12579,-1.186935,-0.2781845,-0.482924,0.0004044095,0.01056755
"S424",0.0378764,3.18632,0.4671035,0.03963,-0.272267,0.01973715,4.726975,-0.00010967615,-0.2133135,-0.008494865,-0.0691049,0.0152824,-0.161078,1.61124,-0.2720115,0.04657635,0.003784925,-0.01041835
"S425",0.127945,-0.469182,0.2516105,-0.0211788,0.08543385,0.0043133,-6.185075,-0.002722245,0.246263,0.01709695,-0.343625,-0.0200406,0.0970855,0.5366505,0.206448,0.3690035,0.0001234525,-0.009757505
"S426",0.5998585,-7.601745,0.484101,0.02372175,-0.3023975,0.02097605,2.50455,0.002960325,-0.1253865,-0.003984625,0.0953903,0.00596186,0.1238605,-7.66131,0.08408975,-0.0177703,0.0001201855,-0.01043935
"S427",0.254417,-1.95563,0.1635665,-0.02101015,0.1315915,-0.00709402,0.221249,-0.00291332,-0.1162435,-3.962635e-05,0.187477,-0.00496481,-0.101853,-4.25711,-0.2355775,0.0598996,-0.006619135,0.00859708
"S428",0.05488465,-3.591435,-0.1908825,-0.0293775,0.120488,-0.009734265,-6.090375,0.002623745,0.221128,0.001402585,0.1349555,-0.002898,-0.0869356,-0.3576395,-0.1920205,-0.1094275,0.0004297435,-0.00141438
"S429",0.0426262,-1.017415,-0.1647085,0.0357382,-0.6055455,0.065935,-0.6273855,-0.0109966,0.3100115,0.01145045,-0.584593,-0.00595416,-0.0266311,-5.94415,-0.1269205,-0.1238625,0.00267567,-0.0192508
"S430",-0.7889005,1.098975,-1.44734,0.023889,-0.3512335,0.0398085,-4.91993,-0.00617255,0.3168825,0.0160359,-0.300634,-0.01791835,0.00111889,2.33383,0.037993,-0.6845215,0.0006640515,0.0427964
"S431",-0.431321,-0.79256,-0.8963435,-0.0461149,0.3743975,-0.0138693,0.338991,0.005334665,-0.1429105,-0.01133005,0.174145,0.01328515,-0.1129125,-0.453308,-0.1841915,0.2980565,0.00087781,-0.02535665
"S432",0.4706995,-10.7453,-0.138875,0.03867905,-0.498143,0.04929465,-6.242905,-0.001125925,0.2384515,0.0173042,-0.3984635,-0.0188995,0.186511,-5.711675,0.2737815,-0.612447,0.000337598,0.0259386
"S433",0.0576918,-5.434705,-0.3405055,0.1103595,-0.9354005,0.0565214,-2.69154,-0.01102055,0.340887,0.02052235,-0.5287315,-0.02058745,-0.0481264,-6.306575,-0.1528355,-0.9527805,0.006193565,0.0335874
"S434",0.4839485,-1.753895,0.64729,0.03552355,-0.1879565,0.004768845,-3.324695,-0.003428295,0.2428655,-0.00990024,-0.1776685,0.01755215,-0.08105285,-0.582466,-0.144637,-0.0834668,0.00256072,-0.00927879
"S435",1.2392,-6.327405,2.174685,-0.02237085,0.138468,-0.001751455,2.6168,-0.00113314,-0.0246921,-0.00496173,0.002460775,0.00837157,0.0180057,-0.7952915,0.07625765,-0.115801,-0.00168742,0.0162644
"S436",0.102014,-2.655245,0.0563342,-0.0464598,0.2989055,-0.00458582,-1.413175,-0.001806995,0.1539655,0.00499408,0.101305,-0.0110221,0.1242925,-5.151665,0.1396325,-0.03987755,-0.00154586,0.007398325
"S437",-0.374842,10.16335,0.0318792,0.02193795,-0.4462065,0.07526295,4.201885,-0.009845315,-0.001684735,0.022913,-0.6031455,-0.0223449,-0.02722975,3.661185,0.005966465,-0.1582985,0.002344795,0.000617292
"S438",-0.431499,0.2043815,-0.8062725,0.09752445,-1.13833,0.1369445,2.32829,-0.0008173095,0.07431,0.0119137,-0.671745,-0.00383686,-0.195626,1.956415,-0.3350145,-0.2714715,0.00919948,-0.0158492
"S439",-0.393437,0.7522655,-0.7777885,0.01468295,0.0481023,-0.012904,-0.8723,-0.000607524,0.142053,0.00280467,0.00780123,-0.00422465,-0.02572845,-0.784648,-0.06727655,0.42059,0.000963389,-0.03042425
"S440",0.3172165,-2.563175,0.455789,0.0651735,-0.560792,0.026599,-2.64555,0.0135194,-0.1621405,0.004126635,-0.4339835,0.001349795,0.1302585,-3.056495,0.2017715,-0.719456,0.000512135,0.03304635
"S441",-0.0543493,-1.843775,-0.322021,0.003086495,-0.11146,0.00871496,5.972645,0.01040225,-0.309209,-0.00577612,0.103714,0.006925635,-0.05102245,1.89788,-0.010028695,0.2167035,-8.15274e-05,-0.006096965
"S442",0.8333595,-6.277395,1.005195,0.0678697,-0.369528,-0.0001329855,-1.18928,-0.01252645,0.342222,0.01201655,-0.2228545,-0.0134,0.116713,-4.451085,0.119933,-0.459501,-0.002683095,0.0373692
"S443",-1.37228,3.4832,-3.126615,-0.0186128,0.32201,-0.0361414,2.7392,0.005020395,-0.186538,-0.016753,0.486006,0.0173476,0.01451155,-1.361025,-0.0366218,0.427273,-0.001438165,-0.01653265
"S444",0.0130443,-4.41413,-0.3435315,-0.008105745,-0.2935475,0.06118065,2.30816,0.01368415,-0.2660335,0.02428075,-0.4775945,-0.0277968,0.1310575,-0.3768765,0.2267555,-0.802295,0.0005430245,0.048506
"S445",-0.440925,-1.972095,-1.239795,-0.0152654,0.476014,-0.0777451,6.26945,0.0384916,-0.5294265,-0.01677845,0.602902,0.01070885,-0.003460645,1.03375,-0.00825159,0.659266,-0.00383507,-0.0199782
"S446",-0.250165,-2.51377,-0.5687745,0.04247715,-0.256961,-0.00258725,-3.75137,0.0017067,0.1484065,-0.003060085,0.0508271,0.00347433,0.13535,-5.415515,0.143611,-0.129778,-0.00223782,0.01639215
"S447",0.706355,-1.63111,1.37841,0.0368167,-0.20338,0.0039406,-1.049975,0.01218465,-0.2799345,0.0004426195,-0.336143,0.006073135,0.131988,-2.465925,0.1341875,-0.1122825,-0.0005826635,0.00929194
"S448",0.15031,-0.2818925,-0.00278941,0.00710496,0.3649575,-0.05075455,3.47966,0.000173353,-0.2668645,-0.01448985,0.3581015,0.01514985,0.0338536,3.02626,0.08049785,0.611215,0.00192192,-0.03467035
"S449",0.5247295,-1.68319,1.038045,-0.00769745,-0.0625951,0.008678085,0.307726,-0.0138228,0.162553,0.01128285,-0.2723155,-0.0120032,-0.139593,0.885832,-0.2910995,-0.228212,0.003430075,0.0131325
"S450",-0.6023925,-2.253635,-1.647485,-0.02470245,0.1299695,-0.003671635,2.695435,0.00269387,-0.0489381,-0.004953305,0.3191,0.000242064,0.0265755,-1.74855,0.002831915,-0.1609805,-0.002168805,0.0203917
"S451",0.5435695,-7.50431,0.199477,0.02248025,-0.115703,-0.00116545,-5.405765,0.00649055,0.0184026,0.006525925,-0.2258795,-0.00671413,0.11104,-6.577785,0.0510486,-0.251107,-0.0001422345,0.01395305
"S452",-0.348193,2.49531,-0.4532005,-0.00156823,0.3164555,-0.061711,-3.0089,-0.00760847,0.3511875,-0.02346625,0.388743,0.027648,-0.191737,5.79836,-0.294634,0.457513,-0.0007481605,-0.0214196
"S453",0.540144,-0.354749,0.993672,0.00564283,0.04992725,-0.001042115,-5.12081,-0.004919415,0.2932065,0.01512285,-0.138237,-0.01989505,0.07475945,2.02966,0.1435495,-0.02051295,-0.0005583655,0.004417985
"S454",0.4243605,2.971875,1.567635,-0.006943855,-0.01913525,0.009835565,-1.979055,0.000926469,0.0964697,0.007095125,-0.08807605,-0.009294225,0.0248356,0.2957495,-0.00161625,-0.167312,-0.002405605,0.01728745
"S455",0.5182315,-6.50611,0.311795,0.0546347,-0.5517845,0.0479565,-2.656625,-0.003569815,0.2578765,0.00715021,-0.4638715,-0.001564125,-0.02864485,-0.216414,0.001743515,-0.549157,0.00283622,0.02214185
"S456",-0.798223,7.680645,-1.037685,2.62487e-05,0.0682985,-0.007619815,2.14174,0.01961405,-0.4529295,-0.008555495,0.1308345,0.00930009,-0.0682909,2.08074,-0.07861025,0.2295395,-0.001281495,-0.00713644
"S457",-0.39491,-6.236855,-1.609915,0.04016285,-0.326326,0.0098689,-3.28186,-0.00716452,0.416385,-0.0033936,0.03839315,0.00429712,-0.03733135,-5.20666,-0.0985401,-0.2358605,0.000526032,0.0104243
"S458",-1.21003,1.28216,-2.704195,-0.03478415,0.289527,-0.01143975,-0.9108085,-0.01990275,0.33571,-0.0119799,0.349782,0.01154775,-0.03065015,3.73443,-0.02486215,0.2384555,-0.002868275,-0.00795445
"S459",0.3057795,-3.0772,0.2053575,0.01567215,-0.1565805,0.0011622,-1.52533,-0.0114869,0.1650605,0.0199486,-0.2348855,-0.02553815,-0.03053105,2.29552,-0.039942,-0.284902,-0.00158449,0.0201098
"S460",0.525168,-5.601605,0.307732,-0.02912815,0.184263,-0.01933595,-2.926115,0.006157145,0.0221496,-0.005887825,0.0887036,0.00759451,0.07993435,-4.67417,0.0402862,0.308519,1.0017425e-05,-0.0256176
"S461",0.6926205,-6.49102,0.7083385,-0.00717719,-0.04141015,0.006999375,-3.775955,-0.00431683,0.3958645,0.00964849,-0.0376191,-0.0129705,-0.04403525,-3.974225,-0.0934593,0.0436602,-0.002634675,0.000867249
"S462",-0.8458545,-2.32611,-2.16344,0.01101765,-0.150244,0.0149496,-3.790695,-0.00172367,0.3187175,0.00376206,-0.147388,-0.0024243,-0.131005,1.434995,-0.202788,-0.516746,0.01003555,-0.005682895
"S463",0.475248,-3.44195,0.6225685,-0.0064855,0.0490834,0.001356205,-3.71547,0.000940831,0.2605145,0.02606625,-0.3287625,-0.03188445,-0.130625,-1.280955,-0.2618975,-0.2260055,8.620835e-05,0.009233215
"S464",-0.3555835,-4.076445,-1.05686,-0.02073425,0.1448035,0.00011838215,-1.684785,-0.001540245,0.0766539,0.005504875,0.097976,-0.0101622,0.0435908,-3.960345,0.0044552,0.0690284,-0.00185714,0.0018038
"S465",0.4751985,-10.5931,-0.01928035,0.0286338,-0.278684,0.01143685,-3.56082,-0.00614436,0.2728,0.007773045,-0.2833525,-0.00606906,0.1174905,-0.226983,0.246884,-0.4941225,0.003791865,0.02928015
"S466",0.226614,1.66742,0.4604715,-0.02645345,0.306785,-0.02632305,1.778945,0.00539748,-0.1176545,-0.01286995,0.455851,0.01044645,0.01808035,3.230965,0.117114,0.4626705,-0.001836555,-0.0133479
"S467",0.335982,-0.524425,0.563168,0.0394131,-0.2920965,0.00902907,-1.67711,-0.004104625,0.118096,0.00613774,-0.3718125,-0.001056265,0.0974928,-1.59921,0.1417095,-0.6114035,0.00501788,0.0170457
"S468",0.859381,-2.972695,1.658645,0.04806945,-0.208816,-0.00332802,-4.21407,-0.00602593,0.1756765,0.0260223,-0.1400855,-0.0367894,0.05705945,-2.272885,0.0450086,-0.3991615,-0.003499735,0.0299828
"S469",0.238112,5.00145,0.8031365,-0.0166036,0.1471845,-0.000410746,3.389105,0.01235755,-0.4154195,-0.0004603945,-0.09859005,0.00268522,-0.07691325,1.46311,-0.1234045,-0.134769,-0.0008276435,0.01441305
"S470",0.5136585,-3.499225,0.693199,-0.022705,0.0998038,0.005881555,4.50117,-0.008016035,-0.212215,-0.0186589,0.3833255,0.0210107,-0.0343586,0.519305,-0.0604221,0.246807,-0.00142368,-0.00358829
"S471",0.607801,-5.36649,0.7235535,0.03165065,-0.4153675,0.0366629,-0.1363535,-0.021558,0.415119,0.008256135,-0.0843365,-0.01082215,-0.2677315,-2.298175,-0.576804,-0.0500261,-6.410005e-05,-0.00448749
"S472",0.404468,-0.426524,0.6687545,0.01978625,-0.1722315,0.003845315,0.1736785,-0.0130615,0.167032,0.0093158,-0.191455,-0.01094885,-0.09154955,4.828035,-0.138003,0.14046,0.00234688,-0.01711125
"S473",-0.2025825,-4.933855,-0.874404,0.02861985,-0.1195875,-0.0082325,-3.08273,0.00105501,0.0473057,0.0121505,-0.270437,-0.0125515,-0.0887797,2.421655,-0.1175445,-0.385163,0.0011025,0.01400405
"S474",-0.02813255,-0.8032375,-0.0685547,0.081716,-0.6287465,0.0317529,-1.58077,-0.02016705,0.3208245,0.005180225,-0.3603185,4.525715e-05,0.0412346,-2.157215,0.00573893,-0.4475415,0.004903975,0.004354785
"S475",-1.24428,7.578025,-2.539685,-0.0273964,0.225223,-0.0212554,2.12003,-0.0104462,0.05330345,-0.00949306,0.3314885,0.008372565,-0.1061865,6.08371,-0.03079415,0.448581,0.0006918775,-0.0227695
"S476",0.106377,-4.64793,-0.164285,-0.0436129,0.368946,-0.0325662,3.10507,0.002874215,-0.1763625,-0.00610304,0.2061095,0.00401255,0.07232085,0.360656,0.14342,0.2343045,-0.0006568095,0.00448923
"S477",-0.856709,2.58947,-1.749605,-0.01927565,0.25405,-0.03678305,1.13581,-0.00648156,0.170774,-0.004765565,0.3031475,0.000744089,0.184685,-3.567295,0.3392685,0.29566,-0.002839455,-0.008065695
"S478",0.0888239,3.217675,0.5019585,-0.0281073,0.386214,-0.04305495,3.92021,0.004015995,-0.1858655,-0.0127939,0.437421,0.0108398,-0.0282377,0.2249165,-0.03304225,0.5057095,-0.003249755,-0.0222536
"S479",-0.8277285,8.51227,-0.873208,-0.04485925,0.5897455,-0.06373265,7.63055,-0.0008192985,-0.2574225,0.00169904,0.324796,-0.00865152,0.02959795,3.51023,0.154081,0.6016245,-0.004272635,-0.01263145
"S480",0.5858095,-0.2293615,1.34207,-0.0311619,0.112886,0.02122345,-3.914605,0.006907445,0.01199785,0.0109262,-0.1744745,-0.01498035,0.114702,-3.25884,0.1315415,-0.2979705,-0.001051625,0.031796
"S481",0.6296765,-2.572935,1.14582,-0.01911855,0.3086475,-0.0371094,5.95528,0.000897384,-0.3009995,-0.01149715,0.3301635,0.00987471,-0.135916,5.15215,-0.121045,0.3222165,-0.00298548,-0.006490675
"S482",0.797152,-5.33044,1.082395,-0.01502385,0.08421845,-0.0001647675,-1.56566,0.00456176,0.1030595,-0.000746444,0.1471845,-0.001319235,0.07654625,-3.11109,0.1588655,-0.09090885,-0.0052898,0.01784735
"S483",0.22798,-5.50786,-0.05472625,0.01088765,0.06234655,-0.01788145,-1.79584,0.01058855,-0.07765295,0.003132715,-0.02575975,-0.004519585,0.0234556,5.040855,0.1261595,0.06927685,-0.0009906185,0.00536289
"S484",-0.5362445,-0.2935565,-0.995559,-0.01662635,0.224552,-0.0402807,2.070985,0.004046135,-0.06793065,-0.0126025,0.331118,0.01255215,0.08080635,3.031625,0.207542,0.5787335,-0.000105508,-0.02115735
"S485",0.8137685,-4.883345,1.341285,-0.003247655,-0.1993075,0.05605195,-4.349835,0.002330395,0.0945078,-0.01365725,-0.02949475,0.02158965,0.124315,2.001055,0.2769055,-0.388271,-6.122945e-05,0.03080355
"S486",0.7009675,-0.8491275,1.894655,0.01122105,-0.07034335,0.0110989,-0.541099,0.0280824,-0.36285,-0.00172666,0.03642125,0.003737585,-0.0701738,3.81765,-0.04902915,-0.2745985,0.001371215,0.0220604
"S487",0.4204645,2.707115,1.493015,-0.0485491,0.3459675,-0.0251683,-2.35307,-0.0102304,0.1059825,-0.005598015,0.2335055,0.003647175,-0.07904375,0.541452,-0.10852,0.0729507,-0.001822165,0.007082415
"S488",-0.5894775,5.26269,-0.6947165,0.0573913,-0.702089,0.0852493,-3.32071,-0.01031625,0.3713335,0.00935196,-0.4706255,-0.004922045,-0.01181905,1.325885,-0.02312835,-0.520764,0.00755419,0.00786503
"S489",-0.0578323,0.6520725,-0.132655,-0.000710456,0.0130882,-0.00231275,0.7440045,-0.000974237,0.02972035,0.00303591,0.1327555,-0.00717744,-0.05865435,-0.912993,-0.0696149,0.184269,-4.97882e-05,-0.0175914
"S490",0.736496,-3.34985,1.38424,0.006030385,-0.1508465,0.01912965,4.98217,-0.0140374,-0.278523,0.002235625,-0.12752,0.00044933,-0.162565,5.577955,-0.2743825,-0.4251075,-0.0008096365,0.03089505
"S491",-0.352502,-0.9746135,-0.582685,-0.02623985,0.31242,-0.0435024,2.880295,-0.00295566,-0.310076,-0.01002175,0.2547085,0.01074985,0.05780345,-1.31454,0.1237235,0.3779895,-0.00364009,-0.006959525
"S492",0.7967745,-7.584155,0.896944,0.0038798,0.1142595,-0.01272505,-3.35784,0.00337041,-0.1002865,0.005280975,0.02958505,-0.008685815,-0.0469352,-3.80198,-0.1411865,-0.331368,-0.0006905715,0.01385005
"S493",0.374614,-2.65377,0.502693,-0.00161393,0.0585853,-0.00428829,1.31226,-0.006934865,-0.0402309,-0.0004882885,0.1047585,-0.00238694,0.0497082,-4.88203,-0.017307,0.2501555,0.00099251,-0.0195516
"S494",-0.6713665,-2.270085,-1.62685,-0.02805115,0.3467315,-0.0265208,4.809425,0.003239345,-0.3137885,-0.005596125,0.306514,0.00246242,0.1681935,-0.414558,0.3499075,0.1922345,-0.001746515,0.0120831
"S495",-0.28244,-1.628015,-0.8296035,0.01560855,-0.1670175,0.007294845,2.435585,0.02127025,-0.428961,0.001776935,-0.106321,-0.002290295,0.05747115,2.53896,0.09746725,-0.052169,-0.0002576275,0.00758641
"S496",0.9022025,-2.218045,1.78662,-0.01368335,0.1922745,-0.00599509,-4.42811,-0.001111895,0.333453,0.0001630265,0.0255245,-6.30774e-05,0.03146045,0.1737275,0.0635802,-0.171687,0.0004283745,-0.003097525
"S497",0.535872,2.368915,1.652485,0.01390825,-0.2007545,0.0117011,0.69798,-0.009414345,0.1702035,0.0100871,-0.147247,-0.0125125,-0.1145415,3.323035,-0.23024,-0.3139245,0.00173647,0.002925585
"S498",0.256269,-5.994255,-0.00832701,-0.01890825,0.256209,-0.00559922,-2.99243,-0.00205494,0.201197,-0.01435335,0.237063,0.0169692,0.08959475,-1.756995,0.11024,0.02690805,2.801415e-05,-0.00915746
"S499",-0.5159765,3.50959,-0.4923795,-0.04204315,0.356844,-0.0149011,5.152705,0.004462515,-0.228663,-0.00221211,0.336081,-0.00308573,0.01694265,1.178105,0.0447721,0.4898335,-0.00102394,-0.0173965
"S500",-0.7096805,-0.8560675,-1.69149,0.056132,-0.652072,0.05542125,-6.386635,0.00398536,0.193369,0.0164372,-0.37362,-0.01824485,0.10065,-4.618055,0.0453755,-1.091535,-0.000244331,0.0623815
