"Participant","Perception_Ebbinghaus_Difficulty_Error","Perception_Ebbinghaus_Intercept_Error","Perception_Ebbinghaus_Difficulty_RT","Perception_Ebbinghaus_Difficulty_BetaRT","Perception_Ebbinghaus_Difficulty_SigmaRT","Perception_Ebbinghaus_Intercept_RT","Perception_Ebbinghaus_Intercept_BetaRT","Perception_Ebbinghaus_Intercept_SigmaRT","Perception_MullerLyer_Difficulty_Error","Perception_MullerLyer_Intercept_Error","Perception_MullerLyer_Difficulty_RT","Perception_MullerLyer_Difficulty_BetaRT","Perception_MullerLyer_Difficulty_SigmaRT","Perception_MullerLyer_Intercept_RT","Perception_MullerLyer_Intercept_BetaRT","Perception_MullerLyer_Intercept_SigmaRT","Perception_VerticalHorizontal_Intercept_Error","Perception_VerticalHorizontal_Difficulty_Error","Perception_VerticalHorizontal_Intercept_RT","Perception_VerticalHorizontal_Intercept_BetaRT","Perception_VerticalHorizontal_Intercept_SigmaRT","Perception_VerticalHorizontal_Difficulty_RT","Perception_VerticalHorizontal_Difficulty_BetaRT","Perception_VerticalHorizontal_Difficulty_SigmaRT"
"S001",-1.364225,0.01241055,-0.2915125,0.08700225,-0.00230274,0.324737,0.702772,-0.02252065,-1.26087,0.110337,-0.2464515,0.0634616,-0.00797896,0.2835495,0.525469,0.0449925,0.007451005,-1.5171,0.358893,0.6573845,0.470081,-0.4513685,0.066615,-0.5282205
"S002",2.212635,-0.01364315,-0.304796,0.06390205,0.112967,0.3424275,0.5886015,0.74589,0.886281,-0.103245,-0.3889355,0.1063385,0.007428825,0.433075,0.6511005,0.2977065,-0.023867,3.0767,0.298087,0.7344015,-0.304408,-0.3541885,0.0383301,0.3451165
"S004",-0.9061575,0.0305604,-0.2932585,0.08760235,0.01470995,0.2930435,0.6306355,0.178722,-2.23599,0.257993,-0.1412775,0.0997773,-0.006538585,0.167764,0.7680455,-0.1682755,0.01626715,-3.44607,0.1530535,0.765496,-0.3584315,-0.1712465,0.0384685,0.36499
"S005",-1.791425,-0.0266511,-0.5044305,0.05669465,0.008871335,0.560325,0.7346675,0.1825675,-2.11735,0.223176,-0.2736955,0.08901525,-0.000398735,0.2841065,0.6162945,-0.204364,0.014135,-2.994545,0.475016,0.838323,-0.0527604,-0.5631735,0.05128685,0.0533415
"S006",0.6983405,-0.02762655,0.0099019,0.0122234,0.0006601795,-0.0005023685,0.3378945,0.02215415,0.6940685,-0.00931251,0.0687773,-0.004503825,-0.001851325,-0.101323,0.0621941,0.0652941,0.0002564375,2.17301,-0.04461375,0.07236245,-0.1704905,0.04440705,0.005726795,0.145243
"S007",1.60529,0.02843955,-0.1116415,0.0507256,-0.0383555,0.138401,0.765532,-0.2385625,-1.23011,0.1819165,0.01449995,0.01094855,-0.0007750895,-0.0227457,0.06272015,-0.1613895,0.01124775,-1.08245,0.03948585,0.456512,-0.12046,-0.0294312,-0.000405701,0.0952795
"S009",-1.820895,-0.0182739,-0.0560525,-0.02916575,0.03844135,-0.0116239,-0.58373,0.2229955,-0.6964445,0.08092145,-0.126878,0.0237347,-0.0001954275,0.09412515,0.1672955,0.218912,0.0169363,-3.5328,0.01457255,-0.0585166,0.1712205,-0.06833695,0.00426757,-0.1668465
"S010",-0.9540235,0.00275548,-0.6747505,0.1071805,-0.01331095,0.7597425,1.185905,-0.1030825,0.5751655,-0.0942704,-0.4096035,0.116998,-0.00329277,0.4812235,1.098615,0.08188385,-0.01934025,1.51372,0.904598,1.40553,-0.2610745,-1.045835,0.0419356,0.266087
"S011",0.228174,-0.008104915,0.102479,-0.008484305,0.01235915,-0.1291675,-0.238422,0.0895917,-0.7611865,0.10267,0.0517834,-0.0181184,-0.006271605,-0.0780625,-0.1394955,-0.0234012,-0.00023458,-0.776458,-0.004431065,-0.0351207,0.08870635,0.009424625,0.002707875,-0.09541635
"S012",-1.34295,0.007961265,-0.08152835,0.002662415,-0.007774655,0.07039215,0.170713,-0.01216,-2.189975,0.251413,-0.1778055,0.1037185,-0.003131835,0.1677785,0.4851625,0.0085494,0.0222205,-2.06651,0.05279965,0.20866,-0.5622975,-0.0426746,-0.02858605,0.5839415
"S013",-0.2276975,-0.01161115,0.1461855,-0.0180864,-0.001027675,-0.144358,-0.301309,-0.02774115,0.2657475,-0.0320577,0.242554,-0.138638,-0.0149779,-0.225603,-0.8384785,-0.199376,-0.003752325,0.7426935,-0.122765,-0.5788185,-0.2777815,0.14516,-0.0209629,0.3219155
"S014",0.0190237,-0.0009674485,0.252388,-0.0715526,-0.00553042,-0.238143,-0.6799565,0.0003151945,-0.0215845,0.01354705,0.193358,-0.0523406,-0.00256213,-0.185454,-0.304948,-0.3137515,0.000284147,-1.15322,-0.1594565,-0.7723405,0.004269145,0.203785,-0.0478675,0.001093085
"S015",-0.0843694,-0.00187332,0.003190815,0.0231933,-0.02910655,-0.03029425,0.25947,-0.301393,-1.29382,0.1265885,-0.0394336,0.08048255,-0.002284765,0.0371455,0.4203035,-0.234814,0.00561376,-0.1181925,-0.07416375,0.07042595,-0.826052,0.07109865,0.005808135,0.9279645
"S016",-0.1169555,0.007116385,0.09607825,-0.000356008,0.00298246,-0.12268,-0.0881014,0.00521472,-1.22773,0.1299825,0.007561025,0.00503651,0.01245285,-0.02799465,0.0593888,-0.00733383,0.0144441,-3.28934,-0.05183085,-0.1416155,-0.6991545,0.147146,-0.0412569,0.722389
"S017",0.269902,0.0233123,0.1898495,-0.01453975,-0.01194545,-0.2009345,-0.09802185,-0.04954335,0.03881455,0.01150645,0.1086205,0.004849535,-0.00513627,-0.107785,-0.06613955,0.1090555,-0.01045675,1.38066,-0.193772,-0.424092,-0.1228425,0.201145,-0.00010527855,0.1215585
"S018",-0.02790035,0.00996861,-0.0795007,0.0188998,-0.00695633,0.0871131,0.319988,-0.01804775,0.7516225,-0.03366895,0.0906343,-0.008573585,0.006012835,-0.0973172,-0.0820295,0.1612855,0.00492242,-1.237325,0.193351,0.3926985,0.1377585,-0.203932,0.00411506,-0.188039
"S019",0.3585335,0.006122235,0.276961,-0.07430715,-0.007413825,-0.299336,-0.907899,-0.08248555,-1.63447,0.2147205,0.1703665,-0.0696358,0.01327965,-0.21791,-0.57282,0.0537556,-9.200685e-05,-0.150876,-0.171348,-0.660696,0.01165845,0.1415255,-0.02001445,0.0329531
"S020",1.067485,0.0139426,-0.251763,0.05081215,-0.01920285,0.2811655,0.6501455,-0.1475425,-0.171619,-0.01183715,-0.2625965,0.05989725,-0.01387795,0.303664,0.7628155,-0.08054355,0.005094005,0.568004,0.304549,0.663407,0.09347255,-0.3850775,0.0628441,-0.1209705
"S021",1.11482,0.0105762,-0.207464,0.03627205,0.0403391,0.204643,0.366577,0.2330055,0.1699415,0.0019511,-0.009073045,0.043759,0.008191615,-0.007833355,0.0965823,-0.0865125,-0.0290242,3.938455,-0.007652625,-0.03509435,0.5626055,-0.002997575,-0.0008296165,-0.646953
"S022",1.31413,0.0286294,0.196859,-0.06138205,0.00359919,-0.2368155,-0.7069455,-0.04258705,0.461968,-0.0150883,0.1957665,-0.0798915,-0.0171377,-0.2497385,-0.4492835,-0.193406,-0.00519566,0.4647755,-0.224348,-0.7574365,-0.5677175,0.255838,-0.0495386,0.605107
"S023",1.193715,0.02059765,0.10117,-0.004182045,0.04763745,-0.0859899,-0.0217093,0.584161,2.460445,-0.3916825,0.04270065,0.0601987,0.0473214,-0.01209955,0.332508,0.65502,-0.05250275,4.13488,-0.1634275,-0.3274535,0.811227,0.208618,-0.01584435,-0.8786565
"S024",-0.48733,0.01351605,-0.170349,-0.000870587,-0.01881935,0.221808,0.1735935,-0.1819325,-0.2930755,0.09087635,-0.1488875,0.0377801,0.0009805485,0.2005875,0.2109175,-0.05265605,0.01680065,-3.531325,0.06141435,-0.3073415,0.240143,-0.04529285,-0.0119897,-0.101342
"S025",0.5837195,0.0102586,-0.068112,0.02516805,0.06677035,0.05595165,0.133098,0.345466,0.00964823,0.03902695,-0.00618374,0.03702405,7.83161e-06,-0.06654035,0.0364879,-0.0531296,-0.00187843,0.76832,-0.1038925,-0.25145,0.5208875,0.09802955,-0.00470244,-0.5470785
"S026",-1.783285,-0.02166605,-0.0940772,0.00827295,0.0257413,0.1065655,0.145772,0.1927095,-1.30538,0.118287,-0.1298585,0.04265205,0.000790374,0.1223405,0.330087,0.01082375,0.00011018405,-0.2344975,0.1484925,0.4876955,-0.338213,-0.1619475,0.0103736,0.345892
"S027",-1.31867,0.001265805,-0.00688168,0.00374391,-0.01919285,-0.004851645,0.09124005,-0.1584225,-1.81845,0.1981265,-0.095674,0.0307882,-0.008363415,0.0769576,0.182074,-0.1242745,0.01217975,-3.183625,0.06305615,0.2823125,0.009288375,-0.1097955,0.0181787,0.01361145
"S028",0.1385805,0.034174,-0.21516,0.0272201,-0.001969755,0.2353645,0.2862135,-0.004698415,-1.75545,0.2215175,-0.03209715,0.039177,0.01844225,0.08403885,0.2068275,0.00852693,0.002391035,0.168854,0.204111,0.6334565,-0.325618,-0.2129635,0.0182593,0.310083
"S029",1.461035,-0.02383055,-0.411183,0.06260105,0.04402295,0.4604645,0.8590985,0.3668295,-0.381504,0.0146557,-0.240807,0.119418,0.002492205,0.244324,0.5620845,-0.00513187,0.01036095,-1.774935,0.328517,0.9499355,-0.1312495,-0.375271,0.0353841,0.0837049
"S030",0.278613,0.0201488,0.1801745,-0.0165423,-0.02626375,-0.1504995,-0.181123,-0.2509285,-1.12216,0.1475405,0.207457,-0.0665864,0.001683025,-0.1925645,-0.308128,0.2152155,0.000192276,1.485935,-0.1639305,-0.2420265,-0.02293875,0.193463,-0.01027155,0.004379825
"S031",-1.785955,-0.00122951,0.0576506,-0.001867395,0.002341135,-0.0933928,-0.01484455,0.007262935,-1.21261,0.1203825,0.0427465,-0.01238575,0.00671406,-0.0929335,-0.1211565,-0.003714045,0.0140129,-2.994655,-0.08346095,-0.1299845,0.200757,0.0935875,-0.004089565,-0.14966
"S032",-2.20228,0.006706455,0.1646755,-0.004127325,-0.00525563,-0.1801935,-0.0605128,-0.06764555,0.158817,0.00714718,0.02565025,-0.01292855,-0.003118905,-0.06212965,-0.0812155,-0.0485418,-0.00139337,-1.185765,-0.048957,-0.0664759,0.2307835,0.0561541,-0.00367642,-0.302357
"S033",1.534315,-0.0234821,-0.00772031,-0.002536015,0.00772308,-0.0250362,-0.09907995,0.0113388,2.75043,-0.4067375,0.03176505,0.00831209,-0.00193804,-0.02310265,-0.04791895,-0.173346,0.00320658,-0.746647,-0.135985,-0.3922355,-0.0415345,0.139092,-0.02456385,0.02393335
"S034",-0.124285,-0.0322631,0.0893879,-0.00673749,-0.005763445,-0.0927509,0.0386203,-0.000485624,1.543765,-0.256967,0.104181,-0.004254095,-0.00127421,-0.0791381,0.02520975,0.1089975,-0.03469535,3.590875,-0.07223995,0.087811,-0.0653547,0.09215355,-0.002948005,-0.0125765
"S035",1.423265,0.007224325,0.190582,-0.0388853,0.0173737,-0.223834,-0.465329,0.1337055,0.897948,-0.101748,0.1416595,-0.00237682,-0.0006612095,-0.194558,-0.170961,-0.132877,0.00591339,1.241785,-0.2950355,-0.4138185,-0.575758,0.350931,-0.003979125,0.754967
"S036",-0.158845,0.01635635,-0.2128375,0.04164975,0.000795134,0.22193,0.3992875,-0.03171005,-0.978107,0.0691551,-0.07539715,0.0146416,-0.002516235,0.0952905,0.41465,-0.0352811,-0.004895885,2.161495,0.1311145,0.6280075,-0.459715,-0.1397265,0.0530136,0.5052085
"S037",0.05769785,-0.0110525,-0.2222045,0.0720765,0.00214944,0.231272,0.5755975,-0.002912225,-0.332955,0.04623265,-0.1233825,0.01986395,-0.0005304125,0.129424,0.31753,0.00570864,0.01201615,-1.054405,0.2922845,0.709717,0.267087,-0.3450285,0.04387135,-0.2827825
"S038",2.94449,-0.03609815,0.0941038,-0.01696935,-0.0193408,-0.07543575,-0.240978,-0.17277,0.5040035,-0.05846845,-0.03938605,-0.09391265,-0.00909454,0.0424586,-0.583737,0.2579455,-0.01229015,2.035505,-0.01590595,0.0305647,-0.410335,0.0612874,-0.00105446,0.4158735
"S039",1.25834,0.0009489635,0.249185,-0.0203833,-0.0335401,-0.251074,-0.1955005,-0.2547005,-0.4638085,0.0693036,0.2549385,-0.05900395,-0.0151836,-0.2773625,-0.3726855,-0.3161425,-0.0331093,2.23397,-0.1391655,-0.2776625,0.167189,0.1440385,-0.005614475,-0.0726598
"S040",-0.3430975,-0.00697453,-0.2500365,0.0237457,-0.00255507,0.280922,0.3866325,-0.120852,-1.88704,0.20993,-0.1040215,0.01095635,0.01471375,0.153438,0.1970855,-0.05082,0.01175345,-2.084185,0.270478,0.486761,-0.1742045,-0.334264,0.0505045,0.233334
"S041",0.1533735,-0.01573075,-0.1187285,0.06436045,-0.005803675,0.09519795,0.398116,-0.0824803,0.873665,-0.03974305,0.08193155,-0.003266195,-0.0135816,-0.117736,-0.00521159,-0.2990045,0.006160705,-1.49395,0.142054,0.323452,0.3852165,-0.1713995,0.01222695,-0.4175
"S042",2.07064,0.00496489,0.247335,-0.04543555,0.01977515,-0.264956,-0.446203,0.2779305,3.79734,-0.664847,0.189413,-0.08398,0.003856525,-0.2231755,-0.47371,0.07553055,-0.05220425,5.009875,-0.2269705,-0.1934085,0.0567281,0.2483365,-0.002160115,-0.0597287
"S043",-0.647697,0.00837437,-0.3286535,0.0391668,0.008892545,0.372936,0.4369825,0.0586056,0.1619975,0.000750804,-0.210436,0.055867,0.009089305,0.2437075,0.3662025,0.04070575,0.006168815,0.3842395,0.208601,0.3495845,0.24331,-0.2213835,0.01506855,-0.218069
"S044",-1.7238,-0.0203005,0.0150242,0.0403112,-0.013585,-0.04298515,0.3659505,-0.1521475,-1.092225,0.1346555,0.108499,-0.01287305,-0.00937616,-0.1466085,0.0386499,-0.130722,0.0166555,-3.30938,0.06464375,0.321748,-0.146107,-0.07748575,0.00382607,0.1279795
"S045",-1.534155,-0.00411318,-0.266796,0.0867659,0.03944905,0.268848,0.598797,0.198767,-1.91251,0.2237325,-0.2343755,0.147246,0.00539784,0.193459,0.5640315,-0.0195981,0.003947375,-1.211715,0.168236,0.640413,-0.226786,-0.201742,0.01107315,0.2646825
"S046",1.148035,0.0163769,0.188558,-0.0197317,0.01645465,-0.2087755,-0.1837475,0.181667,-0.905733,0.0706687,0.126739,-0.06022235,-0.02509935,-0.1672875,-0.4921975,-0.183746,0.00690282,-0.220927,-0.1462725,-0.1350605,-0.2571505,0.201153,-0.01232515,0.2654675
"S047",-0.2744905,-0.00578572,0.03539575,0.01774735,0.00163087,-0.0216681,0.335284,0.0175616,3.02875,-0.4261185,0.1722655,0.0247249,0.0179756,-0.175031,0.123085,0.36113,-0.01253265,1.993965,-0.148818,0.0270846,-0.1797025,0.162179,0.02427185,0.1997905
"S048",-1.14951,-0.000761609,0.313327,-0.05613085,-0.03752615,-0.3161885,-0.555711,-0.07095875,-0.8340575,0.0953082,0.2237425,-0.0708838,-0.00599032,-0.2124795,-0.5256115,-0.2108935,-0.0005368185,1.544215,-0.2539495,-0.848029,0.101079,0.30958,-0.04842615,-0.1184345
"S049",-0.370734,-0.0139528,-0.431742,0.05746025,0.0453704,0.503253,0.9418855,0.3564005,-0.434627,0.0197355,-0.3373935,0.154871,0.0123001,0.3762825,0.745899,0.2100915,0.001565615,-0.3610265,0.516349,1.04752,0.454301,-0.6057925,0.07680925,-0.4707055
"S050",-0.4983065,0.008643035,-0.1087635,0.01459455,0.00137748,0.110095,0.211302,-0.01971575,-2.16459,0.258754,-0.1343335,0.0361066,-0.00119373,0.1183435,0.281887,0.1073575,0.007927265,-2.34472,0.100324,0.330835,0.50584,-0.1372715,0.00758618,-0.644364
"S051",-1.962705,-0.01850045,0.1376665,-0.0319078,-0.05761195,-0.1619185,-0.256196,-0.211549,-2.154325,0.222531,0.173659,-0.0658176,-0.0001601515,-0.189352,-0.4145255,0.228152,-0.00256667,-0.987719,-0.13533,-0.181601,-0.2272815,0.1405065,0.0119618,0.357034
"S052",-0.6781455,0.00978249,0.11345,0.0327734,-0.0179789,-0.140599,0.211403,-0.214393,0.0584703,-0.03307145,0.122652,-0.06922955,0.002619935,-0.1977165,-0.6180145,-0.085788,0.008259725,-2.43749,-0.163197,0.175659,0.02203495,0.1814605,0.0167254,-0.00118033
"S053",1.97676,0.07946865,0.204847,-0.07654785,-0.009782465,-0.2512775,-0.842069,-0.07747645,3.10147,-0.5745685,0.2103915,-0.04428105,0.003893055,-0.257705,-0.50734,-0.246274,-0.05418755,4.4151,-0.297186,-0.5026245,0.03153075,0.385157,-0.0142194,0.04554725
"S054",-0.3795045,-0.01519975,0.1414955,-0.01800565,-0.00422242,-0.207145,-0.363269,-0.0863139,-0.9608785,0.0858075,0.1847625,-0.0397553,0.01276685,-0.245316,-0.2681955,0.1111205,0.00536836,1.749705,-0.211202,-0.198005,-0.0107252,0.2156845,-0.0114534,-0.01369475
"S055",-1.82109,-0.00921487,0.141179,-0.00685108,-0.02167825,-0.1829875,-0.2082615,-0.1950255,2.978375,-0.4950375,0.0909906,0.001548605,0.02141085,-0.1624245,-0.166081,0.005816015,0.0089205,-0.4933685,-0.1500925,0.03555545,-0.5991245,0.2017305,-0.0310206,0.560416
"S056",0.241775,0.01851785,0.142704,-0.0166641,-0.0005004855,-0.123773,-0.154135,-0.01701505,0.1690175,-0.05561375,0.002147995,0.001361805,0.0165924,-0.04680235,-0.05175245,0.208309,-0.0091906,-0.0291896,-0.1510545,-0.21549,0.142282,0.2022135,-0.00727297,-0.1308535
"S057",-1.02143,0.000579534,0.1339115,-0.028266,-0.02333395,-0.1558845,-0.2414195,-0.097103,-1.259965,0.1423965,0.2043695,-0.08643185,-0.0120545,-0.202956,-0.5066,-0.210479,7.693651e-06,-1.077025,-0.139256,-0.3269445,0.0636938,0.139145,-0.005466975,-0.02386685
"S058",-1.22458,0.0178602,0.08469,-0.003219715,0.001461325,-0.09139705,-0.106666,-0.03034475,-1.033085,0.0788579,0.00366493,0.0271531,-0.002699695,0.006478975,0.133043,-0.0688712,0.0120222,-1.19649,-0.151601,-0.225202,-0.535034,0.1842695,-0.0186333,0.588827
"S059",-1.181235,0.00151777,0.2499595,-0.024251,-0.0056934,-0.297643,-0.416772,-0.09363225,-1.61547,0.2043975,0.201592,-0.1122765,-0.002522775,-0.26176,-0.6602615,-0.0483108,0.009605395,-2.53231,-0.2293965,-0.5193135,0.0784875,0.257263,-0.01483785,-0.05940105
"S060",-1.747545,-0.01690105,-0.03353615,-3.07534e-05,-6.746515e-05,0.03575565,0.091144,0.0910519,-0.4623725,0.04633925,-0.03611855,-0.008756055,-0.0119608,0.0580217,0.1075015,0.0568922,0.000921158,0.1063795,0.03811955,-0.000546261,0.04003145,-0.0366063,0.000622703,-0.04429145
"S061",-1.317165,0.01995125,0.217096,-0.00438257,-0.0002260705,-0.2488275,0.02477405,0.03990875,-1.346175,0.164973,0.1912605,-0.0412084,-0.002912855,-0.217733,-0.3379415,-0.27836,0.002305845,-1.14444,-0.165416,-0.2962975,-0.135386,0.182035,-0.02449195,0.1198565
"S062",-2.233605,0.02500095,0.05456425,-0.04748965,0.00369894,-0.04392865,-0.515375,0.00579999,2.98211,-0.367063,0.0593054,-0.08611705,-0.004202695,-0.0283796,-0.500943,0.0278941,0.0195671,-3.509615,-0.0374246,-0.52663,0.2941,0.07317545,-0.0382776,-0.362191
"S063",-1.42193,0.0263777,-0.172361,0.00708729,-0.004862575,0.171813,0.1171445,-0.0638887,0.206301,-0.0613565,-0.119499,0.04364515,0.03858585,0.1386525,0.2194735,0.1504325,0.00624101,-0.506807,0.134991,0.2067175,0.1577675,-0.163706,0.00372368,-0.2107
"S064",0.1470555,0.032139,-0.1951515,0.02049195,-0.0027588,0.17524,0.166104,-0.0552949,0.0292563,0.03207425,0.000466993,-0.00824392,-0.00396513,0.04236125,0.0808347,0.192763,0.007130095,-0.3368725,0.1318575,0.199471,-0.110135,-0.1647855,0.0016621,0.0440945
"S065",-1.095475,-0.0022174,0.0710093,0.0271161,-0.009456355,-0.09224195,0.2396475,-0.1803635,-2.0742,0.233402,0.136059,-0.0490784,-0.0261204,-0.165552,-0.08648515,-0.491528,0.01393755,-1.621415,-0.2027045,-0.2644945,-0.394222,0.2340595,0.0004905235,0.4460635
"S066",-0.9996305,-0.02376285,-0.1636845,0.07182095,0.06720845,0.1526335,0.476862,0.4250265,0.186819,-0.008381375,-0.1629925,0.115919,0.0211068,0.123709,0.4794195,0.2668845,0.0179278,-2.798315,0.1351465,0.7267495,0.0186078,-0.1662785,0.08654425,-0.00814479
"S067",3.14603,-0.01392295,0.194721,-0.004954625,-0.00668853,-0.250093,-0.123677,0.05606725,0.5557505,-0.110758,0.257451,-0.0669595,-0.003894725,-0.258795,-0.486447,-0.2589245,0.00113342,-0.6485965,-0.266994,-0.412099,-0.0798247,0.341042,-0.04186465,0.0372668
"S068",0.4030205,0.0144371,0.06732635,-0.00776172,0.0059087,-0.06195955,-0.07478965,0.06179535,-0.686325,0.0803295,0.08396485,-0.0137334,-0.000790252,-0.0791103,-0.101076,0.1584225,-0.001040495,-0.436895,-0.152822,-0.2247915,-0.273817,0.2105185,-0.00712118,0.2598095
"S069",-2.12883,0.00476406,-0.303526,0.03088035,-0.00182451,0.327096,0.448857,0.0486482,-2.247385,0.25243,-0.4137835,0.1673245,-0.007335085,0.425649,0.6561515,-0.07163155,0.01448335,-2.102445,0.3261915,0.1697045,0.8547945,-0.3831375,0.01264565,-1.02255
"S070",2.0157,-0.0552807,-0.537077,0.1252995,0.0397241,0.6086325,1.140465,0.339002,2.49906,-0.3869455,-0.451239,0.2690865,0.0035988,0.524148,1.30209,0.1774885,-0.038036,4.801785,0.3027935,1.237195,0.3840105,-0.340929,0.0738472,-0.347645
"S071",-1.59368,-0.0179233,-0.130897,0.0356835,-0.03342025,0.151624,0.461175,-0.2774275,-1.50399,0.184355,-0.111084,0.0421063,-0.0121446,0.118653,0.309497,-0.1509425,0.01394605,-3.15802,0.1401065,0.1993145,0.1092355,-0.185739,0.003093715,-0.168387
"S072",-1.22078,0.01144015,-0.1370845,0.07503405,-0.0050673,0.1436055,0.677901,-0.0311984,2.21575,-0.2560405,-0.71522,0.1455185,0.000682542,0.857595,1.03245,0.326044,0.00643083,-1.117145,0.2031795,0.6323015,-0.120293,-0.234965,-0.004363135,0.102145
"S073",2.83325,-0.0035183,0.2073845,-0.0153829,-0.00923946,-0.212853,-0.1666065,0.009465105,0.1207905,-0.008790215,-0.00574633,0.064963,0.003239335,0.01122025,0.336982,0.03409385,-0.002425695,0.0708532,-0.103833,-0.1011665,0.220384,0.1371755,-0.008284725,-0.238331
"S074",-1.79315,-0.02760745,0.1422095,-0.05251,-0.004336845,-0.209996,-0.537897,0.06275815,0.3827075,-0.0145621,0.182265,-0.04997055,-0.009998385,-0.231945,-0.375062,-0.3024765,-0.00237753,0.883533,-0.120543,-0.1151735,0.2615295,0.167859,-0.0130953,-0.259
"S075",1.386455,-0.003704165,-0.1503655,0.0696563,-0.0235052,0.178076,0.6498105,-0.261447,-0.444057,0.104662,-0.257475,0.0288509,-0.001155145,0.255272,0.345974,-0.0748294,0.00986176,-1.138665,0.333793,0.833312,-0.246999,-0.4242105,0.0948005,0.3062065
"S076",-0.6774155,0.0213622,-0.0464326,0.01546925,-0.0058701,0.0296771,0.2484665,-0.1091505,-1.942175,0.2303625,0.0539555,-0.0564143,-0.0031304,-0.0501186,-0.1559265,-0.1141085,-0.00452026,-0.16991,0.02184645,0.1042185,0.1973875,-0.05124485,0.0115015,-0.160991
"S077",0.1623875,0.0267357,-0.434706,0.0559707,-0.0137424,0.5147615,0.905617,-0.1207465,-1.5236,0.173181,-0.4949435,0.1291365,-0.00224628,0.542656,0.8531085,0.02085785,-0.00516021,1.41557,0.5258765,0.7517155,1.10936,-0.627359,0.04055435,-1.35343
"S078",-2.08331,-0.001747305,-0.2832565,0.0517902,-0.03625165,0.3190405,0.6692975,-0.3345905,-2.005705,0.2053915,-0.364989,0.07856085,0.00704202,0.3658495,0.466994,0.0145795,0.01169255,-3.034075,0.5898385,0.775236,0.1234355,-0.734018,0.0854143,-0.0845829
"S079",0.789193,-0.001953075,0.00110534,-0.0025134,0.0024816,-0.0459863,-0.365567,-0.0001947165,0.4943275,-0.008792365,0.119365,0.003752945,-0.01311785,-0.0891657,0.02831575,-0.0369489,0.009792125,-2.68386,-0.1001135,-0.4830855,0.431856,0.132159,-0.02057465,-0.4533355
"S080",1.953385,0.02983415,0.1179235,0.003025415,-0.005612645,-0.132844,0.06394825,-0.02731075,1.27294,-0.1725495,0.13937,-0.0162035,0.00116753,-0.156539,-0.166393,0.370927,-0.008722675,2.95768,-0.2569305,-0.6059495,-0.6318485,0.327481,-0.01569585,0.7655
"S081",-2.104785,0.01307495,-0.1929825,-0.00143472,0.0401099,0.21769,-0.0230684,0.1778455,-1.497415,0.1773975,0.0396746,-0.0508715,-0.01748525,-0.01842095,-0.174712,0.1395905,0.00856718,-1.818475,0.1880835,0.114378,0.619084,-0.236903,-0.00373797,-0.8635185
"S082",1.460465,0.006567505,0.33788,-0.0619075,-0.04260815,-0.4231935,-0.730996,-0.3494455,2.948665,-0.41062,0.237829,-0.1314065,-0.008926365,-0.3349785,-0.8503665,-0.298232,0.00577446,1.724305,-0.368007,-0.683995,-0.5667835,0.4303185,-0.035677,0.6682585
"S083",-0.3725695,-0.01535285,0.199508,-0.0363987,0.00084687,-0.195625,-0.453492,-0.0477158,0.1490775,0.0294695,0.1212295,-0.09520925,0.009370005,-0.124421,-0.6869695,0.05913675,0.00792191,-1.58509,-0.104835,-0.2234895,-0.148735,0.1360475,-0.01189835,0.1650285
"S084",-1.77515,-0.02220645,-0.393898,-0.004662855,-0.00850158,0.4742965,0.03232555,-0.06337985,-1.720545,0.182347,-0.409656,0.002276475,0.000995269,0.545283,0.210095,0.3371535,0.0149934,-3.57717,0.4325465,0.09815985,0.7538505,-0.497958,-0.00973309,-1.07636
"S085",-1.27584,0.0150186,-0.006971065,0.0363938,-0.001543105,-0.00828965,0.2993585,-0.01319045,6.30014,-1.174165,-0.00430952,0.116186,0.05796385,0.005037135,0.4989605,0.55908,-0.05588645,6.061385,-0.00906681,0.652989,0.03871805,-0.00186491,0.05267015,0.0168162
"S086",-0.1354545,0.01607235,-0.0332974,-0.00648721,0.008725255,0.0466442,0.07328695,0.0349223,0.738994,-0.04824905,-0.06027365,-0.00290747,0.009326295,0.0631866,0.00091526,0.1224625,-0.04701265,4.104965,0.005171885,-0.06935285,0.4251365,0.0402488,-0.0153157,-0.5033535
"S087",2.87739,-0.0140269,0.197564,-0.0462102,0.0124982,-0.213219,-0.5388875,0.134371,-0.6558285,0.0824523,0.1076305,-0.01459275,0.03067075,-0.06083565,-0.113705,0.4976765,-0.02458545,5.109175,-0.1901315,-0.19064,0.56366,0.2129405,-0.00249791,-0.587544
"S088",-2.12437,0.01019645,-0.2689995,0.0228998,-0.00565631,0.30312,0.4704475,0.005283315,-1.97297,0.233818,-0.405244,0.03135515,-0.0001823245,0.397327,0.2291925,0.0861021,0.004845515,-1.365525,0.33318,0.4528955,0.1694795,-0.381053,0.0228742,-0.2224435
"S089",-1.028435,-0.0111135,0.07611115,-0.009330125,-0.025519,-0.0936699,0.07490575,-0.1240675,-0.765044,0.092047,0.04950465,-0.0004036085,0.03135875,-0.09813545,-0.2029345,0.0576123,0.0040427,-1.510275,-0.103722,-0.164545,0.316192,0.064416,-0.00499574,-0.23916
"S090",-1.09278,-0.01467345,0.08432045,0.00172939,0.04824205,-0.1129845,0.02390335,0.294024,-1.14646,0.134193,-0.0652813,0.0319227,0.0134304,0.0299047,0.00313925,0.1261325,0.00871377,-1.41553,-0.1131305,-0.0103428,0.03593425,0.1432035,-0.00646948,-0.119652
"S091",-1.25432,0.0104396,0.1177855,-0.0248,0.01553105,-0.1644945,-0.3705015,0.301787,-0.1947875,0.03994495,0.0513011,-0.07590535,0.03085535,-0.1057675,-0.5947805,0.1403215,0.00277011,-1.542675,-0.09536465,-0.1887265,0.2802995,0.0825483,-0.0108724,-0.3606235
"S092",-1.26259,0.0158381,-0.287153,0.0135623,0.02159355,0.2976385,0.1272545,0.2224745,-2.123,0.2557385,-0.196313,0.0008076225,-0.003507005,0.242936,0.0844447,0.444585,-0.0005425885,0.784173,0.184194,0.3807715,0.4556155,-0.169854,-0.00135902,-0.5362375
"S093",0.08537315,0.03309745,0.252433,-0.0429473,-0.02681785,-0.261206,-0.4062695,-0.20957,1.38681,-0.2300035,0.2778745,-0.09484455,-0.0334459,-0.270853,-0.373669,-0.167812,0.01037045,-2.41987,-0.1923375,-0.3455405,-0.349178,0.241295,-0.01495815,0.3955535
"S094",0.5915955,0.0289214,0.186665,-0.003148495,-0.001392165,-0.2175985,-0.168842,-0.0579691,2.02496,-0.3297375,0.1981595,-0.0123048,-0.00324841,-0.213016,-0.09565305,-0.188123,-0.005137495,1.24424,-0.2088645,-0.907566,-0.256428,0.208351,-0.02497885,0.5487955
"S095",-1.8419,-0.0219935,-0.567392,0.02428125,0.04491035,0.6527155,0.64253,0.5621785,-1.784745,0.2169345,-0.3365175,0.08942525,-0.002483,0.361591,0.673525,0.111082,0.003557685,-0.7911295,0.4931725,0.1999585,1.525515,-0.5912045,0.00400407,-2.012235
"S096",2.09824,-0.03864275,0.2562085,-0.0498499,0.0020697,-0.291853,-0.7443075,0.015855,0.1021985,-0.00346913,0.304443,-0.07780185,-0.008231765,-0.2982385,-0.4421445,0.01804415,-0.00728469,1.290235,-0.27117,-0.933094,-0.360509,0.309797,-0.04342205,0.3733985
"S097",0.8531355,0.0007702525,0.168935,-0.03658155,-0.0110084,-0.2106765,-0.552686,-0.142678,-0.4003895,0.0249213,0.2194025,-0.146971,-0.00320133,-0.2583505,-0.7620155,-0.0105669,0.000783167,1.280515,-0.2015105,-0.35504,-0.1759935,0.237165,-0.01286725,0.1414945
"S098",-1.97091,-0.0001891495,-0.09845475,0.009758135,0.007072175,0.1360225,0.222328,0.1725515,0.237522,-0.00316382,0.0163892,0.047444,-0.004510305,-0.01539595,0.0908524,-0.2169935,0.00538059,-1.86511,0.1652735,0.5200945,-0.143711,-0.171175,0.0228281,0.1433275
"S099",-1.627465,-0.01319925,0.01650665,0.00208474,0.00126345,0.01349065,-0.02974745,-0.03181975,-1.514215,0.1943115,0.01985305,-0.00504914,0.004936745,-0.0181527,0.023819,-0.07700565,0.01702385,-3.60308,0.0433099,0.226359,-0.4842085,-0.04472035,0.008784325,0.5257765
"S100",1.35206,0.0172223,-0.0615436,-5.65343e-05,0.05842915,0.0697974,0.062698,0.566539,-1.02288,0.142146,-0.1099785,0.00378686,-0.0109588,0.178332,0.1924385,-0.0259305,0.00860499,0.5930875,0.09971765,0.0780895,0.2277495,-0.128458,0.002978965,-0.1905715
"S101",2.95467,-0.02852315,0.3171455,-0.0591552,0.01318115,-0.3743945,-0.862666,-0.01778005,5.348315,-0.825151,0.2985045,-0.0885605,0.000683664,-0.376939,-0.687983,-0.2152085,-0.001321745,1.57395,-0.3480235,-0.905346,-0.8563435,0.378184,-0.03705485,0.9929055
"S102",2.17414,0.03283785,0.232952,-0.06558865,0.005437345,-0.261412,-0.6672075,0.0274547,2.138735,-0.2623535,0.2082405,-0.1181835,0.0370649,-0.2584065,-0.839949,-0.06320075,0.00568645,-1.92134,-0.261376,-0.583155,-0.98753,0.311594,-0.01503735,1.263025
"S103",-0.6900855,0.01400805,0.153741,-0.02167695,-0.003842415,-0.1400455,-0.24992,-0.02092725,0.157573,0.00220721,0.1529555,-0.04601085,-0.01392315,-0.164528,-0.301083,-0.342523,0.00828431,-2.47925,-0.134651,-0.3841815,-0.4091305,0.1178295,-0.007974765,0.36013
"S104",0.1619385,0.0243964,0.2876185,-0.02452265,-0.00513217,-0.3097515,-0.3977555,-0.178326,0.0977375,-0.00198497,0.135879,-0.04032215,-0.008688185,-0.1530665,-0.303395,-0.1583565,-0.0002158505,1.125135,-0.1773335,-0.0505308,-0.119768,0.1747915,0.02388875,0.1492625
"S105",-1.339475,0.01696915,0.215007,-0.0334876,-0.004914435,-0.2186055,-0.3958965,0.07057185,1.067305,-0.08119365,0.2885955,-0.0454503,-0.01331165,-0.2631275,-0.296361,-0.02056375,-0.000661569,0.02110995,-0.1950695,-0.4134565,-0.1938725,0.275327,-0.01915225,0.311772
"S106",-0.564391,-0.002459665,0.2820365,-0.0514898,-0.06149825,-0.295864,-0.41235,-0.3269565,-1.980195,0.223439,0.04070625,0.000891881,0.003026135,-0.04846455,0.0616429,0.0185419,0.01314735,-2.79491,-0.168942,-0.07704615,-0.123292,0.1660045,-0.007045435,0.0660073
"S107",-1.835705,-0.0140794,-0.07372565,-0.00275649,-0.001959825,0.0963383,0.1114915,0.04709505,0.1754375,0.01622235,-0.178314,0.05197185,-0.00617805,0.1948875,0.343967,0.07408065,0.0126114,-1.140635,0.13274,0.3620715,-0.1783665,-0.1763855,0.01326995,0.0754877
"S108",1.66782,-0.0092016,0.1181945,-0.01535845,0.054554,-0.125327,-0.2925465,0.4503905,2.26309,-0.365633,0.1334535,-0.00648379,-0.006043565,-0.1354335,0.11455,-0.126998,0.00389303,-0.0881616,-0.0752721,0.0368833,0.571679,0.09730405,0.007309645,-0.6289925
"S109",0.9128305,0.007567415,0.0255107,0.02341865,0.01825725,-0.02448925,0.1768735,0.1045545,5.078695,-0.922771,0.07199145,0.0147186,-0.01243805,-0.08946605,0.155556,-0.0458626,-0.0321063,2.622875,-0.08434345,-0.03534575,-0.141911,0.0937379,-0.000443876,0.13625
"S111",-1.805595,-0.019995,-0.199148,-0.002516725,0.0225858,0.247167,0.250421,0.4733915,-0.1053455,0.0232163,-0.1906765,0.02587875,0.009940485,0.18979,0.377922,0.09363565,0.001865165,1.669215,0.2273695,0.375488,0.190016,-0.2611885,0.03097085,-0.179933
"S112",0.1337835,0.0469277,0.2144195,-0.0372917,-0.0256182,-0.257786,-0.5577125,-0.1777335,0.194198,-0.0008458475,0.2221715,-0.05549595,-0.004223085,-0.263753,-0.566714,-0.08671035,-0.002049695,0.6845945,-0.2143045,-0.542918,-0.0662232,0.264738,-0.03060065,0.02537565
"S113",1.55327,0.033635,0.03705815,0.0006384065,0.01732555,-0.0253988,0.0112969,0.0657597,0.122691,-0.0130518,0.1892725,-0.09190965,-0.0182666,-0.187176,-0.4074815,-0.0713068,0.01084695,-2.26663,-0.01867205,-0.2771885,0.316662,0.0195498,-0.01871345,-0.42219
"S114",-1.82796,-0.0176449,0.2348415,-0.0390665,-0.0111851,-0.255669,-0.4577045,-0.138127,-0.895638,0.08968305,0.1968425,-0.07337155,-0.00825501,-0.218959,-0.409435,-0.167295,-0.0101188,0.1463385,-0.231515,-0.5657995,-0.06212465,0.2831055,-0.0364315,0.0485541
"S115",1.388935,-0.0131748,0.258181,-0.000154508,-0.0003588145,-0.321418,-0.298024,-0.08871015,3.40741,-0.5848185,0.271546,-0.02692145,0.0262846,-0.3092625,-0.2905515,0.0685347,-0.00093747,-0.534283,-0.2922605,-0.3539105,-0.0992095,0.346161,-0.0140473,0.162572
"S116",2.973035,-0.01893955,-0.04383415,0.00615025,-0.01567055,0.0386007,0.144423,-0.04079485,0.47971,-0.06362115,0.03029315,-0.04150645,-0.000502121,-0.0415528,-0.338622,0.323989,0.001415395,-0.8626085,-0.0385236,-0.2687085,0.322947,0.0112019,-0.01634935,-0.3257035
"S117",3.41432,-0.07682105,0.3844345,-0.02950975,-0.0171486,-0.4247175,-0.5585835,-0.265148,1.80168,-0.2094225,0.437159,-0.1650905,-0.01065025,-0.44561,-0.8106765,-0.242911,-0.0554688,5.37552,-0.3777775,-0.4761345,-0.2831545,0.454645,-0.01328985,0.3769375
"S118",-0.98754,-0.01559885,-0.341039,0.07596535,0.00747618,0.373307,0.932001,0.03727235,-2.31868,0.264561,-0.360527,0.152456,-0.000853409,0.3687145,0.7965285,-0.0660324,0.01311575,-3.416525,0.290977,0.901651,-0.1866095,-0.3463025,0.0436049,0.1416185
"S119",-2.06119,0.002323185,-1.27582,0.1026405,0.0370239,1.41456,0.9402645,0.1802305,-1.66995,0.230742,-1.188355,0.135519,0.0009147745,1.35743,1.00723,0.2630025,0.00352089,-0.7810945,1.358385,0.946063,1.40615,-1.578805,0.02250245,-1.77336
"S120",1.75143,0.0008400525,-0.02664745,-0.00415749,-0.0123513,0.0311789,-0.10954,-0.1676815,0.676956,-0.0394423,-0.118164,-0.008525625,0.03356205,0.161125,-0.0905608,0.4530155,0.000402403,2.77763,-0.0697078,-0.6272595,0.159409,0.097411,-0.030649,-0.0699686
"S121",0.76556,0.0269523,0.2759695,-0.0188744,-0.01061875,-0.2988215,-0.354956,-0.1911295,-0.248698,0.03770175,0.222315,-0.06712465,-0.00130758,-0.2988055,-0.4893015,-0.219285,0.006696505,-1.597995,-0.246075,-0.326082,-0.139053,0.2911315,-0.008447765,0.24772
"S122",0.7615755,-0.02457915,0.155345,-0.0236373,-0.0008067595,-0.131834,-0.2863015,-0.01032075,2.806525,-0.386729,0.227551,-0.01828505,-0.000221233,-0.210707,-0.0564128,0.14768,-0.002502905,0.1650445,-0.146059,-0.758994,0.150253,0.1685795,-0.0271386,-0.07605735
"S123",2.453675,-0.0223379,-0.0303176,0.0385549,0.0179146,0.02672055,0.477352,0.169441,-1.337275,0.1344615,-0.1126325,0.07431835,0.007911215,0.0648043,0.258274,0.05910985,-0.0119092,0.5323595,0.0999775,0.4935555,0.0330764,-0.115699,0.0503472,0.02138845
"S124",3.841155,0.0032246,0.0654839,-0.0006575585,0.1324525,-0.06726845,-0.104287,0.576794,1.84888,-0.222903,0.0388407,-0.0344176,-0.002733085,0.0111741,-0.1697255,0.3532405,-0.0135663,1.959695,0.000491057,-0.1510735,0.502361,0.0383428,-0.008972965,-0.596191
"S125",1.048455,0.03195975,0.023332,-0.002769095,-0.01791745,-0.05184275,-0.154779,-0.15294,-0.1475875,0.02139555,0.1631025,-0.0421949,-0.00591381,-0.181615,-0.234105,-0.0010255425,-0.003843595,0.2721225,-0.1485425,-0.118757,-0.2452745,0.168006,-0.00109562,0.257904
"S126",0.6426945,-0.009394345,0.2267835,-0.01682955,-0.03907075,-0.2749785,-0.1807395,-0.1453285,0.06026605,0.001876885,0.157557,-0.0128674,-0.000311338,-0.2342505,-0.21491,-0.1122215,-0.02939585,0.967206,-0.221858,0.03216155,-0.227925,0.242409,0.01293615,0.3388065
"S127",-0.182635,-0.01356685,-0.479233,0.05495155,-0.00816901,0.564061,0.989407,-0.0569429,-0.7179985,0.04523585,-0.3560665,0.0887319,0.01533055,0.393406,0.542438,0.2114195,0.00949637,-2.1227,0.405744,0.6574115,-0.339455,-0.484949,0.02641135,0.303146
"S128",2.007035,0.0203734,0.188325,-0.0401798,0.001926445,-0.184607,-0.508068,0.1207625,0.8387885,-0.0250935,0.00732167,0.0485786,0.0181793,-0.057001,0.135858,-0.05603415,0.001931755,0.9675695,-0.07171745,-0.2230575,0.2609915,0.106254,-0.01281325,-0.256882
"S129",-0.5677875,0.008350415,0.198994,-0.0498031,0.00165129,-0.1980445,-0.5544855,0.0622353,1.40176,-0.09302015,0.183121,-0.007235295,-0.02491065,-0.1659525,-0.1046705,-0.293675,0.00198534,-0.4918295,-0.1044875,-0.230637,-0.06054955,0.181959,-0.01834375,0.05953875
"S130",-1.098985,0.000285997,0.1222985,-0.01132415,-0.0086351,-0.1414145,-0.3000315,-0.06508885,-0.206911,-0.03122135,0.009254855,-0.0258932,0.002374225,-0.0154375,-0.231369,0.07725775,0.00864925,-1.631675,-0.0915351,-0.203952,-0.145067,0.107946,-0.007094355,0.09775005
"S131",0.334727,0.0132793,0.061799,-0.0189309,0.03214655,-0.09174515,-0.4230065,0.03000545,0.117575,-0.01704415,0.1747535,-0.0177942,-0.009978305,-0.147035,0.02597315,-0.1586885,-0.04913455,3.41241,-0.106432,0.0674035,0.04263345,0.184095,-0.008237625,0.00136341
"S132",0.276473,0.0143969,0.278377,-0.0140156,0.00447637,-0.3402985,-0.377774,-0.03615875,1.562385,-0.163195,0.2641585,-0.1127285,-0.00106811,-0.322957,-0.60323,0.1338405,-0.07395205,5.523995,-0.3322075,-0.5470335,0.3462815,0.400167,-0.02481165,-0.3960235
"S133",1.346815,-0.000922138,0.05203975,-0.002564075,0.04023815,-0.06781625,-0.0521997,0.3012675,1.477625,-0.232791,0.126018,-0.0190963,-0.01802145,-0.1584925,-0.02925335,0.00890518,-0.0318165,1.993825,-0.08968085,-0.2122195,-0.2655845,0.0741121,0.004203025,0.5066505
"S134",-1.81489,-0.0196217,0.1200455,-0.03898705,-0.04198835,-0.0839046,-0.1680675,-0.09242185,-0.8962175,0.116808,-0.0867365,-0.013059,-0.0125455,0.0603038,-0.07287315,-0.09129075,0.006410065,-2.229425,-0.0130332,-0.1248895,-0.599094,0.02464585,-0.0127137,0.6817815
"S135",2.62769,0.0273789,0.325832,-0.0234816,-0.0048933,-0.329165,-0.347134,-0.14068,1.21408,-0.1885535,0.03693215,0.01099995,0.0294765,-0.0750635,-0.07614385,0.3529755,-0.0499641,2.9644,-0.246077,-0.5548495,0.0649132,0.2610395,-0.02354115,-0.03869475
"S136",-0.272441,-0.03237795,0.251237,-0.0835134,-0.01789685,-0.2572885,-0.987509,-0.1348695,0.1733545,0.02975505,0.2875115,-0.142254,-0.003235515,-0.242501,-0.8152195,-0.1910655,-0.0171664,2.85528,-0.190657,-0.6097485,-0.734908,0.235947,-0.0311677,0.9098355
"S137",-0.488523,0.01766925,0.18099,-0.05235495,-0.006437765,-0.2471835,-0.5532795,-0.04630525,-1.189165,0.1149555,0.09834895,-0.00300244,-0.00989042,-0.1342045,-0.1054215,-0.0312698,0.00631016,-0.3408795,-0.2230165,-0.4196505,-0.3450615,0.2125525,-0.0135084,0.4362695
"S138",-1.828455,-0.01941535,0.02411345,-0.0128074,0.0107401,-0.05111995,-0.190803,0.0959687,-1.29633,0.1204805,0.0308237,-0.0263503,-0.00809921,-0.004633195,0.0166441,-0.0236052,0.01152285,-0.5226065,0.0412045,-0.02594225,0.284504,-0.12126,0.01825785,-0.322263
"S139",-1.75308,-0.01001333,0.2122725,-0.0467205,-0.00416207,-0.208637,-0.5615875,-0.101664,2.72465,-0.5327665,0.242548,-0.06705655,-0.00199948,-0.1990375,-0.383543,-0.106446,0.0126565,-1.216715,-0.208357,-0.731858,-0.6985045,0.253173,-0.0329789,0.9525705
"S140",1.28054,0.003815275,-0.05365765,0.0008615,0.04030175,0.06265025,-0.04199295,0.278412,0.753891,-0.02321055,0.0759806,-0.0007820255,0.001308605,-0.04130455,-0.04115075,-0.0370002,0.0102157,-1.83321,-0.04668235,-0.148316,0.2101765,0.06413225,-0.0197526,-0.3157575
"S141",0.22188,0.04012,0.06536705,0.0141364,-0.007366935,-0.0603854,0.253182,-0.0621956,1.32484,-0.1628445,0.1025525,-0.033721,0.006650645,-0.184395,-0.145163,-0.004591675,0.007572345,-2.367425,-0.1201535,-0.0386645,0.07670545,0.120096,0.00952273,-0.0311137
"S142",-0.4319945,-0.00666988,0.2932905,-0.0428234,-0.0228652,-0.3316565,-0.685267,-0.3467555,0.175479,-0.000729454,0.1220245,-0.030645,-0.00141989,-0.1846365,-0.3378705,0.0337549,-0.01984275,3.38962,-0.2928325,-0.404821,-0.3972785,0.334478,-0.0169501,0.4147445
"S143",-0.9331285,-0.0113909,-0.151909,-0.00493489,-0.02601815,0.2066935,0.233198,-0.137962,0.2173445,0.003965285,-0.0763887,0.01019515,-0.00839743,0.111629,0.261576,-0.337012,0.008463735,-1.69486,0.133,0.2000255,0.5822125,-0.141815,-0.00598334,-0.786152
"S144",2.29927,-0.0634125,-0.00706028,0.0117067,-0.00259567,0.0312211,0.332121,-0.0366101,0.977437,-0.1101835,-0.1241745,0.05009665,-0.01905695,0.1137915,0.443011,0.03761285,-0.03503875,5.03914,0.006783305,0.56272,0.354632,-0.00657558,0.0327881,-0.2925165
"S145",1.22585,0.0487845,0.165034,-0.021312,-0.0172281,-0.2233565,-0.449413,-0.1785105,-1.180715,0.1221245,0.280309,-0.1316995,-0.000229947,-0.308748,-0.775869,-0.09366015,-0.01926755,2.55367,-0.2499755,-0.570893,0.0320715,0.2432995,-0.02415095,0.0327907
"S146",0.06472705,-0.008600565,-0.1588175,0.0645024,0.0395297,0.1735715,0.4124495,0.234838,0.4090045,-0.02275055,0.01254675,0.0268331,0.0342511,-0.007646555,0.169219,0.1695415,0.007349045,-2.30378,-0.05973875,0.2979325,0.06205825,0.06649475,0.0168844,-0.026512
"S147",-1.122315,0.001744565,0.02072365,-0.002846595,-0.01950185,-0.024683,-0.0724684,-0.05593845,-0.3149675,0.0302658,-0.008298595,0.01552475,-0.00299184,0.03758975,0.165919,-0.0244318,0.01242805,-3.12097,-0.0257404,-0.3218805,-0.220345,0.0434073,-0.005250165,0.210717
"S148",-0.939268,-0.01486095,-0.0593951,0.0263756,0.001637075,0.0426304,0.3607285,0.02065755,0.596815,-0.01417705,-0.03758645,0.07871835,-0.002350745,0.05904565,0.470638,-0.0628765,0.00110457,1.52326,0.01780935,0.280302,0.741707,-0.0230394,0.00826656,-1.012125
"S149",0.06862255,-0.00847031,0.1938375,-0.0258631,-0.01846145,-0.204417,-0.3727365,-0.1534545,0.1861795,-0.00181736,0.152913,-0.0692874,0.00023285,-0.1517345,-0.359237,-0.00998763,0.00597209,-0.675278,-0.163418,-0.4881295,-0.1184645,0.2099755,-0.0423242,0.02439175
"S150",-1.21163,-0.00335112,-0.691413,0.0737748,-0.00733738,0.7777985,0.894992,-0.008422235,0.822894,-0.0741878,-0.4578115,0.126912,0.003963875,0.498085,0.934998,0.0362887,0.0154815,-2.697325,0.606214,1.109185,0.516361,-0.719956,0.07315955,-0.5993455
"S151",1.30189,-0.0531088,0.2551535,-0.04638075,-0.00318927,-0.2930345,-0.5007605,0.06228715,4.27506,-0.665301,0.3059055,-0.0804458,0.0009298525,-0.329241,-0.5326775,0.0699736,-0.0393912,5.11614,-0.285473,-0.11761,-0.3310575,0.3743185,-0.01112245,0.3218735
"S152",-0.3945525,0.01283215,0.129163,-0.009193455,-0.00111633,-0.134587,-0.133011,0.01045245,0.388017,-0.0569992,0.1773695,-0.02555795,-0.0180428,-0.2091185,-0.0671151,-0.2989945,-0.0448075,3.25095,-0.2529765,-0.1584375,-0.383215,0.268571,-0.000324356,0.406726
"S153",0.6114295,-0.005424605,0.0397083,-0.03159715,0.00850936,-0.06029585,-0.313991,0.180374,2.37803,-0.394561,0.1135125,0.003852295,0.01380335,-0.09462345,0.0769574,0.05688155,-0.016915,3.787705,0.0531496,0.17508,0.5788055,-0.0380314,0.0065303,-0.665378
"S154",1.68063,-0.01474715,0.2014095,-0.05551735,-0.00320428,-0.1894405,-0.7018825,-0.04314875,3.752475,-0.572337,0.2382295,-0.03349715,0.00239669,-0.2179535,-0.33715,-0.1007275,-0.00140665,2.92355,-0.1998945,-0.4896815,-0.32078,0.233079,-0.0101191,0.542897
"S155",-0.6613695,0.0137661,-0.271494,0.06029545,-0.002325965,0.3108425,0.780816,-0.01965725,1.198225,-0.167414,-0.1211545,0.06060845,-0.000564392,0.1397555,0.7421365,-0.0931348,0.01019645,-1.777235,0.2727395,0.756304,0.4227995,-0.341978,0.09297195,-0.364164
"S156",-0.1226805,0.04033115,0.1569605,-0.005769125,-0.02378635,-0.1727885,-0.1427075,-0.13499,2.32752,-0.192052,0.2238745,-0.08137655,0.007996545,-0.2592865,-0.63792,-0.1203195,0.01118815,0.2129185,-0.225698,-0.4868065,-0.4068495,0.2669125,-0.0370444,0.4942505
"S157",1.002695,-0.0312602,0.2266455,-0.02238525,0.0129898,-0.259651,-0.4397655,0.0254832,-0.675372,0.0694209,0.138437,0.00751241,0.02120625,-0.177733,-0.136081,0.2010655,0.0001227735,-0.328996,-0.230895,-0.5579065,-0.09151795,0.252767,-0.02423815,0.135001
"S158",1.80236,0.02642055,0.0718082,-0.00117192,0.00741207,-0.0831534,-0.1512725,-0.0505281,0.1233085,-0.02559385,0.2128715,-0.0677417,-0.01085365,-0.194904,-0.45138,-0.2759915,-0.003195695,0.2821535,-0.1803625,-0.540175,-0.129532,0.2470345,-0.03355205,0.1809645
"S159",-0.233224,-0.010757,-0.100428,0.0123476,-0.00630608,0.08899055,0.07662345,-0.106481,-0.01057969,0.0225264,-0.0274989,-0.04482795,-0.01127405,0.03566335,-0.197704,-0.0821889,0.0143459,-2.49054,0.146001,0.26213,0.2032185,-0.199418,0.00725343,-0.2923325
"S160",-1.755325,-0.022974,0.1707505,-0.006879335,-0.009823975,-0.1916225,-0.1567845,-0.0809952,0.13968,0.00482239,0.193589,-0.0420723,-0.00119417,-0.2565805,-0.197517,-0.338759,-0.01169315,2.2196,-0.195388,-0.2102365,-0.387029,0.2256735,-0.00987321,0.4431245
"S161",1.689015,-0.01172445,0.186675,-0.0657987,-0.02160605,-0.184213,-0.6992765,-0.15381,2.642185,-0.375208,0.134736,-0.0330279,-0.00148668,-0.1126485,-0.359102,-0.174348,-0.0231626,2.241755,-0.162067,-0.3454905,-0.3146145,0.2202685,-0.0250272,0.361182
"S162",-1.955795,0.0102866,0.0506415,-0.01873725,-0.00198704,-0.0710968,-0.2186535,0.045855,-2.10084,0.246294,0.2214925,-0.05410455,0.00873164,-0.1931345,-0.588976,-0.1607785,0.01316405,-0.803853,-0.06325955,-0.1375385,0.1728645,0.0789204,-0.02146495,-0.2733725
"S163",-1.807385,-0.0202173,-0.1255385,0.02079835,-0.0214425,0.149228,0.3905465,-0.1145205,-1.03324,0.117393,-0.1718945,0.03320645,0.00769252,0.208413,0.275469,0.01962165,0.00215118,1.40909,0.0956001,0.338112,0.06000685,-0.0897825,0.0152951,-0.04919835
"S164",-1.781855,0.000941944,0.0694184,0.0142186,-0.004106745,-0.0585862,0.3212535,-0.0228417,-1.398885,0.151462,0.1025075,-0.002201095,-0.01034355,-0.1795065,-0.05755245,-0.2915095,0.0031643,-1.98264,-0.0353396,0.311984,0.1331455,0.000373238,0.0221225,-0.114826
"S165",-0.438499,-0.009396105,-0.1115525,0.0307738,-0.003967425,0.0967292,0.206556,-0.0770285,-1.53167,0.164824,-0.08842255,0.0129256,-0.0119239,0.0271517,0.0570769,-0.1241105,0.00522673,-2.10619,0.02114245,0.2529885,-0.582866,-0.07746265,0.03110335,0.67127
"S166",1.536945,-0.00894052,0.3818875,-0.07992885,-0.02189595,-0.397534,-0.8261205,-0.150147,1.433765,-0.1326735,0.197619,-0.0192115,-0.0011633,-0.215283,-0.207242,-0.07291385,-0.01031115,3.14965,-0.2999075,-0.6439795,-0.166056,0.3218055,-0.0447462,0.025484
"S167",3.280735,-0.00233467,0.04622105,0.0344132,0.131873,-0.05996565,0.3586895,0.6261175,2.217515,-0.317265,0.12875,0.009495275,0.0009030115,-0.0927001,0.1134115,0.2872205,-0.06513485,6.112645,-0.112282,0.379633,0.2887765,0.1607275,0.0159872,-0.3356135
"S168",1.99237,0.02606925,0.03842015,0.0216734,-0.018688,-0.0340501,0.195376,-0.185868,-0.431819,0.06166025,0.115311,-0.06729075,-0.0161111,-0.183036,-0.403556,-0.317651,0.003561175,-1.371135,0.1096025,-0.0683488,0.0620754,-0.160079,0.0002419935,-0.0564017
"S169",-1.134565,-0.005262865,-0.6371945,0.04782175,-0.0291537,0.734317,1.05518,-0.215938,-2.03741,0.2518865,-0.926145,0.289957,0.00882918,1.068435,1.359435,0.4260905,0.00658306,-0.235277,0.9322245,1.37832,0.252529,-1.110125,0.1441405,-0.227608
"S170",0.7110465,0.014627,0.0132783,0.03350765,0.002259665,0.0159386,0.4949475,-0.02856535,-1.89339,0.21855,-0.04787555,0.0590025,0.005871935,0.0125635,0.20329,-0.049556,0.007619615,-2.04863,0.06463875,0.4679525,-0.479775,-0.0809499,0.0240059,0.5720965
"S171",-0.09500525,0.00476429,-0.258087,0.0416053,0.0105572,0.282595,0.5071705,0.05624405,-2.26266,0.258987,-0.1298735,0.0279031,-0.0103608,0.174049,0.360259,0.206165,0.017877,-2.38048,0.352851,0.4574095,0.39562,-0.419019,0.00489422,-0.5691145
"S172",0.5959215,-0.01592435,0.3185345,-0.04946,0.01676825,-0.36268,-0.6193955,0.121395,-0.77125,0.09206985,0.228572,-0.02353905,-0.00245046,-0.265944,-0.288394,-0.2176455,-0.0005856565,0.5350385,-0.3409285,-0.501315,-0.1915065,0.421017,-0.02744185,0.1037795
"S173",-0.148601,0.01554625,-0.1013,0.03181975,-0.00184059,0.122537,0.440682,0.01739325,-1.31345,0.1702655,-0.126295,0.0401619,0.00167705,0.1582355,0.309614,0.0984433,-0.02938215,2.59854,0.0459961,0.2567695,-0.2998,-0.01688,-0.0128663,0.238308
"S174",0.981148,0.04126875,0.04379955,0.000275811,-0.0240655,-0.0131957,0.3585725,-0.1410775,-1.614745,0.21062,-0.0852209,0.05351655,-0.0135685,0.0702071,0.280379,0.3150035,-0.001892265,0.8253535,0.0712836,0.2246585,0.3780925,-0.08617505,0.002470635,-0.50304
"S175",2.40144,-0.05356055,-0.5097375,-0.0003230215,0.0250341,0.613797,-0.0337965,0.163481,1.475335,-0.2337585,-0.5576205,0.0552742,0.01480425,0.704287,0.497561,0.2944955,-0.06784555,3.61658,0.37558,0.315896,0.635794,-0.380847,0.001944575,-0.8178895
"S176",-1.08369,-0.0128208,0.1095105,-0.02910635,-0.0081234,-0.1221245,-0.418791,-0.0850569,-2.26125,0.283352,0.110263,-0.0727814,0.00207569,-0.08433255,-0.3400705,0.1340855,0.0083848,-1.446325,-0.000492405,-0.3208545,0.1620075,-0.00226073,-0.01685565,-0.09281345
"S177",2.91255,-0.009741945,-0.1638565,0.0561026,0.0863627,0.1664765,0.567511,0.54858,1.09024,-0.0635976,-0.2237185,0.04745465,0.02434085,0.274521,0.373124,0.398256,-0.0189689,2.204945,0.3041385,0.395714,1.083575,-0.364987,0.0189359,-1.364785
"S178",1.950385,0.02130185,0.2700365,-0.0358011,-0.0222474,-0.2820625,-0.424554,-0.0968594,3.029,-0.472582,0.1855995,-0.0388696,-0.00866953,-0.2044265,-0.322343,-0.2436395,-0.0574497,4.457155,-0.1893355,-0.360652,0.0226999,0.1869805,-0.000772317,0.0645642
"S179",-1.07339,-0.01403755,-0.0973749,0.0004931325,-0.0316084,0.09861795,0.2043295,-0.1846565,-0.9036195,0.10006085,-0.03178765,0.02852005,0.003147165,0.05644055,0.165201,0.193004,0.00929044,-1.46912,0.2422305,0.1859145,0.009013475,-0.2948285,0.005624775,-0.0516439
"S180",-0.4214985,-0.0129184,0.1343425,-0.03987915,-0.0356444,-0.1008295,-0.3724275,-0.2577265,-2.053625,0.2305725,0.0409268,-0.06214985,-0.001166505,-0.0394119,-0.3422385,-0.0532392,0.005706985,-1.32163,-0.08441985,-0.4515865,-0.2698175,0.1436995,-0.0282608,0.2641215
"S181",1.21155,0.02231345,-0.0492521,0.009965705,-0.006207485,0.04395825,0.239198,-0.1297095,-1.627865,0.2076455,-0.0671465,0.0376577,0.008600725,0.114534,0.22504,0.143594,0.00479101,-0.184235,0.0319381,0.326514,-0.2954315,-0.02195555,-0.00125075,0.2483845
